<edmx:Edmx xmlns:edmx="http://schemas.microsoft.com/ado/2007/06/edmx"
	xmlns:m="http://schemas.microsoft.com/ado/2007/08/dataservices/metadata" xmlns:sap="http://www.sap.com/Protocols/SAPData" Version="1.0">
	<edmx:DataServices m:DataServiceVersion="2.0">
		<Schema xmlns="http://schemas.microsoft.com/ado/2008/09/edm" Namespace="ZHRP_4874_DEP_VER_SRV" xml:lang="en" sap:schema-version="1">
			<EntityType Name="Employee" sap:content-version="1">
				<Key><PropertyRef Name="Pernr"/></Key><Property Name="Pernr" Type="Edm.String" Nullable="false" MaxLength="8" sap:unicode="false" sap:creatable="false" sap:updatable="false"
					sap:sortable="false" sap:filterable="false"/><Property Name="FullName" Type="Edm.String" Nullable="false" MaxLength="100" sap:unicode="false" sap:creatable="false" sap:updatable="false"
					sap:sortable="false" sap:filterable="false"/><Property Name="EmpDartNo" Type="Edm.String" Nullable="false" sap:unicode="false" sap:creatable="false" sap:updatable="false"
					sap:sortable="false" sap:filterable="false"/><NavigationProperty Name="empToDep" Relationship="ZHRP_4874_DEP_VER_SRV.empToDep" FromRole="FromRole_empToDep" ToRole="ToRole_empToDep"/></EntityType>
			<EntityType Name="Dependent" sap:content-version="1">
				<Key><PropertyRef Name="pernr"/><PropertyRef Name="type"/><PropertyRef Name="subty"/><PropertyRef Name="objps"/></Key><Property Name="pernr" Type="Edm.String" Nullable="false" MaxLength="8" sap:unicode="false" sap:creatable="false" sap:updatable="false"
					sap:sortable="false" sap:filterable="false"/><Property Name="type" Type="Edm.String" Nullable="false" MaxLength="1" sap:unicode="false" sap:creatable="false" sap:updatable="false"
					sap:sortable="false" sap:filterable="false"/><Property Name="subty" Type="Edm.String" Nullable="false" MaxLength="4" sap:unicode="false" sap:creatable="false" sap:updatable="false"
					sap:sortable="false" sap:filterable="false"/><Property Name="objps" Type="Edm.String" Nullable="false" MaxLength="2" sap:unicode="false" sap:creatable="false" sap:updatable="false"
					sap:sortable="false" sap:filterable="false"/><Property Name="begin_date" Type="Edm.String" Nullable="false" MaxLength="8" sap:unicode="false" sap:creatable="false" sap:updatable="false"
					sap:sortable="false" sap:filterable="false"/><Property Name="end_date" Type="Edm.String" Nullable="false" MaxLength="8" sap:unicode="false" sap:creatable="false" sap:updatable="false"
					sap:sortable="false" sap:filterable="false"/><Property Name="favor" Type="Edm.String" Nullable="false" MaxLength="40" sap:unicode="false" sap:creatable="false" sap:updatable="false"
					sap:sortable="false" sap:filterable="false"/><Property Name="fanam" Type="Edm.String" Nullable="false" MaxLength="40" sap:unicode="false" sap:creatable="false" sap:updatable="false"
					sap:sortable="false" sap:filterable="false"/><Property Name="fasex" Type="Edm.String" Nullable="false" MaxLength="1" sap:unicode="false" sap:creatable="false" sap:updatable="false"
					sap:sortable="false" sap:filterable="false"/><Property Name="fgbdt" Type="Edm.String" Nullable="false" MaxLength="8" sap:unicode="false" sap:creatable="false" sap:updatable="false"
					sap:sortable="false" sap:filterable="false"/><Property Name="perid" Type="Edm.String" Nullable="false" MaxLength="20" sap:unicode="false" sap:creatable="false" sap:updatable="false"
					sap:sortable="false" sap:filterable="false"/><Property Name="disab" Type="Edm.String" Nullable="false" MaxLength="1" sap:unicode="false" sap:creatable="false" sap:updatable="false"
					sap:sortable="false" sap:filterable="false"/><Property Name="disab_date" Type="Edm.String" Nullable="false" MaxLength="8" sap:unicode="false" sap:creatable="false" sap:updatable="false"
					sap:sortable="false" sap:filterable="false"/><Property Name="stras" Type="Edm.String" Nullable="false" MaxLength="30" sap:unicode="false" sap:creatable="false" sap:updatable="false"
					sap:sortable="false" sap:filterable="false"/><Property Name="ort01" Type="Edm.String" Nullable="false" MaxLength="30" sap:unicode="false" sap:creatable="false" sap:updatable="false"
					sap:sortable="false" sap:filterable="false"/><Property Name="state" Type="Edm.String" Nullable="false" MaxLength="25" sap:unicode="false" sap:creatable="false" sap:updatable="false"
					sap:sortable="false" sap:filterable="false"/><Property Name="pstlz" Type="Edm.String" Nullable="false" MaxLength="10" sap:unicode="false" sap:creatable="false" sap:updatable="false"
					sap:sortable="false" sap:filterable="false"/><Property Name="zzelig_hlth2" Type="Edm.String" Nullable="false" MaxLength="1" sap:unicode="false" sap:creatable="false"
					sap:updatable="false" sap:sortable="false" sap:filterable="false"/><Property Name="zzhlthdt2" Type="Edm.String" Nullable="false" MaxLength="8" sap:unicode="false" sap:creatable="false" sap:updatable="false"
					sap:sortable="false" sap:filterable="false"/><Property Name="case_num" Type="Edm.String" Nullable="false" MaxLength="10" sap:unicode="false" sap:creatable="false" sap:updatable="false"
					sap:sortable="false" sap:filterable="false"/><Property Name="case_stat" Type="Edm.String" Nullable="false" MaxLength="1" sap:unicode="false" sap:creatable="false" sap:updatable="false"
					sap:sortable="false" sap:filterable="false"/><Property Name="orgnm" Type="Edm.String" Nullable="false" MaxLength="40" sap:unicode="false" sap:creatable="false" sap:updatable="false"
					sap:sortable="false" sap:filterable="false"/><Property Name="telnr" Type="Edm.String" Nullable="false" MaxLength="14" sap:unicode="false" sap:creatable="false" sap:updatable="false"
					sap:sortable="false" sap:filterable="false"/><Property Name="status_id" Type="Edm.String" Nullable="false" MaxLength="1" sap:unicode="false" sap:creatable="false" sap:updatable="false"
					sap:sortable="false" sap:filterable="false"/><Property Name="status" Type="Edm.String" Nullable="false" MaxLength="100" sap:unicode="false" sap:creatable="false" sap:updatable="false"
					sap:sortable="false" sap:filterable="false"/><Property Name="adj_reason" Type="Edm.String" Nullable="false" MaxLength="255" sap:unicode="false" sap:creatable="false"
					sap:updatable="false" sap:sortable="false" sap:filterable="false"/><Property Name="document_type" Type="Edm.String" Nullable="false" MaxLength="50" sap:unicode="false" sap:creatable="false"
					sap:updatable="false" sap:sortable="false" sap:filterable="false"/><Property Name="event" Type="Edm.String" Nullable="false" sap:unicode="false" sap:creatable="false" sap:updatable="false"
					sap:sortable="false" sap:filterable="false"/><NavigationProperty Name="toAttachment" Relationship="ZHRP_4874_DEP_VER_SRV.dpToAtt" FromRole="FromRole_dpToAtt" ToRole="ToRole_dpToAtt"/></EntityType>
			<EntityType Name="attachment" m:HasStream="true" sap:content-version="1">
				<Key><PropertyRef Name="pernr"/><PropertyRef Name="type"/><PropertyRef Name="subty"/><PropertyRef Name="objps"/><PropertyRef Name="fileName"/></Key><Property Name="pernr" Type="Edm.String" Nullable="false" MaxLength="8" sap:unicode="false" sap:creatable="false" sap:updatable="false"
					sap:sortable="false" sap:filterable="false"/><Property Name="type" Type="Edm.String" Nullable="false" MaxLength="1" sap:unicode="false" sap:creatable="false" sap:updatable="false"
					sap:sortable="false" sap:filterable="false"/><Property Name="subty" Type="Edm.String" Nullable="false" MaxLength="4" sap:unicode="false" sap:creatable="false" sap:updatable="false"
					sap:sortable="false" sap:filterable="false"/><Property Name="objps" Type="Edm.String" Nullable="false" MaxLength="2" sap:unicode="false" sap:creatable="false" sap:updatable="false"
					sap:sortable="false" sap:filterable="false"/><Property Name="fileName" Type="Edm.String" Nullable="false" MaxLength="55" sap:unicode="false" sap:creatable="false" sap:updatable="false"
					sap:sortable="false" sap:filterable="false"/><Property Name="MIMEFileName" Type="Edm.String" Nullable="false" MaxLength="55" sap:unicode="false" sap:creatable="false"
					sap:updatable="false" sap:sortable="false" sap:filterable="false"/><Property Name="MIMEType" Type="Edm.String" Nullable="false" MaxLength="20" sap:unicode="false" sap:creatable="false" sap:updatable="false"
					sap:sortable="false" sap:filterable="false"/><Property Name="begda" Type="Edm.String" Nullable="false" MaxLength="8" sap:unicode="false" sap:creatable="false" sap:updatable="false"
					sap:sortable="false" sap:filterable="false"/><Property Name="document_type" Type="Edm.String" Nullable="false" MaxLength="50" sap:unicode="false" sap:creatable="false"
					sap:updatable="false" sap:sortable="false" sap:filterable="false"/><Property Name="value" Type="Edm.Binary" Nullable="false" sap:unicode="false" sap:creatable="false" sap:updatable="false"
					sap:sortable="false" sap:filterable="false"/><Property Name="url" Type="Edm.String" Nullable="false" MaxLength="255" sap:unicode="false" sap:creatable="false" sap:updatable="false"
					sap:sortable="false" sap:filterable="false"/><Property Name="deletion_flag" Type="Edm.String" Nullable="false" MaxLength="1" sap:unicode="false" sap:creatable="false"
					sap:updatable="false" sap:sortable="false" sap:filterable="false"/></EntityType>
			<EntityType Name="docType" sap:content-version="1">
				<Key><PropertyRef Name="key"/></Key><Property Name="key" Type="Edm.String" Nullable="false" MaxLength="2" sap:unicode="false" sap:creatable="false" sap:updatable="false"
					sap:sortable="false" sap:filterable="false"/><Property Name="value" Type="Edm.String" Nullable="false" MaxLength="40" sap:unicode="false" sap:creatable="false" sap:updatable="false"
					sap:sortable="false" sap:filterable="false"/></EntityType>
			<Association Name="empToDep" sap:content-version="1"><End Type="ZHRP_4874_DEP_VER_SRV.Employee" Multiplicity="1" Role="FromRole_empToDep"/><End Type="ZHRP_4874_DEP_VER_SRV.Dependent" Multiplicity="*" Role="ToRole_empToDep"/>
				<ReferentialConstraint>
					<Principal Role="FromRole_empToDep"><PropertyRef Name="Pernr"/></Principal>
					<Dependent Role="ToRole_empToDep"><PropertyRef Name="pernr"/></Dependent>
				</ReferentialConstraint>
			</Association>
			<Association Name="dpToAtt" sap:content-version="1"><End Type="ZHRP_4874_DEP_VER_SRV.Dependent" Multiplicity="1" Role="FromRole_dpToAtt"/><End Type="ZHRP_4874_DEP_VER_SRV.attachment" Multiplicity="*" Role="ToRole_dpToAtt"/>
				<ReferentialConstraint>
					<Principal Role="FromRole_dpToAtt"><PropertyRef Name="objps"/><PropertyRef Name="subty"/><PropertyRef Name="type"/><PropertyRef Name="pernr"/></Principal>
					<Dependent Role="ToRole_dpToAtt"><PropertyRef Name="objps"/><PropertyRef Name="subty"/><PropertyRef Name="type"/><PropertyRef Name="pernr"/></Dependent>
				</ReferentialConstraint>
			</Association>
			<EntityContainer Name="ZHRP_4874_DEP_VER_SRV_Entities" m:IsDefaultEntityContainer="true" sap:supported-formats="atom json xlsx"><EntitySet Name="EmployeeSet" EntityType="ZHRP_4874_DEP_VER_SRV.Employee" sap:creatable="false" sap:updatable="false" sap:deletable="false"
				sap:pageable="false" sap:addressable="false" sap:content-version="1"/><EntitySet Name="DependentSet" EntityType="ZHRP_4874_DEP_VER_SRV.Dependent" sap:creatable="false" sap:updatable="false"
				sap:deletable="false" sap:pageable="false" sap:addressable="false" sap:content-version="1"/><EntitySet Name="attachmentSet" EntityType="ZHRP_4874_DEP_VER_SRV.attachment" sap:creatable="false" sap:updatable="false"
				sap:deletable="false" sap:pageable="false" sap:addressable="false" sap:content-version="1"/><EntitySet Name="docTypeSet" EntityType="ZHRP_4874_DEP_VER_SRV.docType" sap:creatable="false" sap:updatable="false" sap:deletable="false"
				sap:pageable="false" sap:addressable="false" sap:content-version="1"/>
				<AssociationSet Name="empToDep_AssocSet" Association="ZHRP_4874_DEP_VER_SRV.empToDep" sap:creatable="false" sap:updatable="false"
					sap:deletable="false" sap:content-version="1"><End EntitySet="EmployeeSet" Role="FromRole_empToDep"/><End EntitySet="DependentSet" Role="ToRole_empToDep"/></AssociationSet>
				<AssociationSet Name="dpToAttSet" Association="ZHRP_4874_DEP_VER_SRV.dpToAtt" sap:creatable="false" sap:updatable="false"
					sap:deletable="false" sap:content-version="1"><End EntitySet="DependentSet" Role="FromRole_dpToAtt"/><End EntitySet="attachmentSet" Role="ToRole_dpToAtt"/></AssociationSet>
			</EntityContainer><atom:link xmlns:atom="http://www.w3.org/2005/Atom" rel="self" href="./sap/ZHRP_4874_DEP_VER_SRV/$metadata"/><atom:link xmlns:atom="http://www.w3.org/2005/Atom" rel="latest-version" href="./sap/ZHRP_4874_DEP_VER_SRV/$metadata"/></Schema>
	</edmx:DataServices>
</edmx:Edmx>