{
  "run": [
    {
      "filePath": "/webapp/index.html",
      "previewMode": 1,
      "dataMode": 1,
      "workspace": "withoutWorkspace",
      "ui5ActiveVersion": null,
      "ui5VerSource": null,
      "isDefaultVersion": 0,
      "urlParameters": [],
      "hashParameter": "",
      "backendSystem": [],
      "urlParametersNotNeeded": false,
      "_metadata": {
        "id": 5949618,
        "runnerId": "webapprunner",
        "displayName": "Run index.html 1",
        "lastRunTimeStamp": 1527774218298
      }
    },
    {
      "filePath": "/webapp/Component.js",
      "previewMode": 0,
      "dataMode": 1,
      "workspace": "withoutWorkspace",
      "ui5ActiveVersion": null,
      "ui5VerSource": null,
      "isDefaultVersion": 0,
      "urlParameters": [
        {
          "paramName": "",
          "paramValue": ""
        }
      ],
      "hashParameter": "",
      "backendSystem": [
        {
          "source": "DZ2",
          "destinations": "DZ2"
        }
      ],
      "_metadata": {
        "id": 7309605,
        "runnerId": "fiorirunner",
        "displayName": "Run Component.js",
        "lastRunTimeStamp": 1524679431846
      }
    }
  ]
}