{
  "welcomeFile": "/webapp/index.html",
  "routes": [
    {
      "path": "/webapp/resources/hcm/fab/lib/common",
      "target": {
        "type": "destination",
        "name": "DZ1",
        "entryPath": "/sap/bc/ui5_ui5/sap/hcmfab_common"
      },
      "description": "DZ1"
    },
    {
      "path": "/sap/opu/odata",
      "target": {
        "type": "destination",
        "name": "DZ1",
        "entryPath": "/sap/opu/odata"
      },
      "description": "DZ1"
    },
    {
      "path": "/sap/bc/ui5_ui5",
      "target": {
        "type": "destination",
        "name": "DZ1",
        "entryPath": "/sap/bc/ui5_ui5"
      },
      "description": "DZ1"
    },
    {
      "path": "/webapp/resources",
      "target": {
        "type": "service",
        "name": "sapui5",
        "entryPath": "/resources"
      },
      "description": "SAPUI5 Resources"
    },
    {
      "path": "/webapp/test-resources",
      "target": {
        "type": "service",
        "name": "sapui5",
        "entryPath": "/test-resources"
      },
      "description": "SAPUI5 Test Resources"
    },
    {
      "path": "/dist/resources",
      "target": {
        "type": "service",
        "name": "sapui5",
        "entryPath": "/resources"
      },
      "description": "SAPUI5 Resources"
    },
    {
      "path": "/dist/test-resources",
      "target": {
        "type": "service",
        "name": "sapui5",
        "entryPath": "/test-resources"
      },
      "description": "SAPUI5 Test Resources"
    },
    {
      "path": "/resources",
      "target": {
        "type": "service",
        "name": "sapui5",
        "entryPath": "/resources"
      },
      "description": "SAPUI5 Resources"
    },
    {
      "path": "/test-resources",
      "target": {
        "type": "service",
        "name": "sapui5",
        "entryPath": "/test-resources"
      },
      "description": "SAPUI5 Test Resources"
    }
  ],
  "sendWelcomeFileRedirect": true
}