<edmx:Edmx xmlns:edmx="http://schemas.microsoft.com/ado/2007/06/edmx" xmlns:m="http://schemas.microsoft.com/ado/2007/08/dataservices/metadata" xmlns:sap="http://www.sap.com/Protocols/SAPData" Version="1.0">
<edmx:DataServices m:DataServiceVersion="2.0">
<Schema xmlns="http://schemas.microsoft.com/ado/2008/09/edm" Namespace="ZHRF_HCMFAB_MYTIMEEVENTS_SRV" xml:lang="en" sap:schema-version="1">
<EntityType Name="Approver" sap:content-version="1">
<Key>
<PropertyRef Name="EmployeeID"/>
</Key>
<Property Name="UserID" Type="Edm.String" MaxLength="30" sap:unicode="false" sap:label="ID/number" sap:creatable="false" sap:updatable="false" sap:sortable="false"/>
<Property Name="EmployeeID" Type="Edm.String" Nullable="false" MaxLength="8" sap:unicode="false" sap:label="Personnel no." sap:creatable="false" sap:updatable="false" sap:sortable="false"/>
<Property Name="Name" Type="Edm.String" MaxLength="40" sap:unicode="false" sap:label="Empl./appl.name" sap:creatable="false" sap:updatable="false" sap:sortable="false"/>
</EntityType>
<EntityType Name="SearchAttabsReasons" sap:content-version="1">
<Key>
<PropertyRef Name="AttAbsReason"/>
</Key>
<Property Name="Begda" Type="Edm.DateTime" Precision="7" sap:unicode="false" sap:label="Start date" sap:creatable="false" sap:updatable="false" sap:sortable="false" sap:filterable="false"/>
<Property Name="Endda" Type="Edm.DateTime" Precision="7" sap:unicode="false" sap:label="End Date" sap:creatable="false" sap:updatable="false" sap:sortable="false" sap:filterable="false"/>
<Property Name="AttAbsReason" Type="Edm.String" Nullable="false" MaxLength="4" sap:unicode="false" sap:label="Attendance/Absence Reason" sap:creatable="false" sap:updatable="false" sap:sortable="false" sap:filterable="false"/>
<Property Name="AttAbsReasonText" Type="Edm.String" MaxLength="30" sap:unicode="false" sap:label="Absence/attendance reason text for T555D" sap:creatable="false" sap:updatable="false" sap:sortable="false" sap:filterable="false"/>
</EntityType>
<EntityType Name="Configuration" sap:content-version="1">
<Key>
<PropertyRef Name="EmployeeID"/>
</Key>
<Property Name="EmployeeID" Type="Edm.String" Nullable="false" MaxLength="8" sap:unicode="false" sap:label="Personnel No." sap:creatable="false" sap:updatable="false" sap:sortable="false"/>
<Property Name="ApproverId" Type="Edm.String" MaxLength="8" sap:unicode="false" sap:label="Personnel No." sap:creatable="false" sap:updatable="false" sap:sortable="false" sap:filterable="false"/>
<Property Name="ApproverName" Type="Edm.String" MaxLength="80" sap:unicode="false" sap:label="Full Name" sap:creatable="false" sap:updatable="false" sap:sortable="false" sap:filterable="false"/>
<Property Name="PresentDayFlag" Type="Edm.String" MaxLength="1" sap:unicode="false" sap:label="Boolean Variable (X=True, -=False, Space=Unknown)" sap:creatable="false" sap:updatable="false" sap:sortable="false" sap:filterable="false"/>
<Property Name="NoticeVisible" Type="Edm.String" MaxLength="1" sap:unicode="false" sap:label="TRUE" sap:creatable="false" sap:updatable="false" sap:sortable="false" sap:filterable="false"/>
<Property Name="ApproverReadOnly" Type="Edm.String" MaxLength="1" sap:unicode="false" sap:label="TRUE" sap:creatable="false" sap:updatable="false" sap:sortable="false" sap:filterable="false"/>
<Property Name="ApproverVisible" Type="Edm.String" MaxLength="1" sap:unicode="false" sap:label="TRUE" sap:creatable="false" sap:updatable="false" sap:sortable="false" sap:filterable="false"/>
<Property Name="ApproverMandatory" Type="Edm.String" MaxLength="1" sap:unicode="false" sap:label="TRUE" sap:creatable="false" sap:updatable="false" sap:sortable="false" sap:filterable="false"/>
<Property Name="CreateAllowed" Type="Edm.String" MaxLength="1" sap:unicode="false" sap:label="TRUE" sap:creatable="false" sap:updatable="false" sap:sortable="false" sap:filterable="false"/>
<Property Name="DeleteAllowed" Type="Edm.String" MaxLength="1" sap:unicode="false" sap:label="TRUE" sap:creatable="false" sap:updatable="false" sap:sortable="false" sap:filterable="false"/>
<Property Name="ModifyAllowed" Type="Edm.String" MaxLength="1" sap:unicode="false" sap:label="TRUE" sap:creatable="false" sap:updatable="false" sap:sortable="false" sap:filterable="false"/>
<Property Name="DefaultEvent" Type="Edm.String" MaxLength="3" sap:unicode="false" sap:label="Time event type" sap:creatable="false" sap:updatable="false" sap:sortable="false" sap:filterable="false"/>
<Property Name="LastrunDate" Type="Edm.DateTime" Precision="7" sap:unicode="false" sap:label="Date" sap:creatable="false" sap:updatable="false" sap:sortable="false" sap:filterable="false"/>
<Property Name="LastrunTime" Type="Edm.Time" Precision="0" sap:unicode="false" sap:label="Field of type TIMS" sap:creatable="false" sap:updatable="false" sap:sortable="false" sap:filterable="false"/>
<Property Name="TimeReadOnly" Type="Edm.String" MaxLength="1" sap:unicode="false" sap:label="TRUE" sap:creatable="false" sap:updatable="false" sap:sortable="false" sap:filterable="false"/>
<Property Name="TimezoneOffset" Type="Edm.Time" Precision="0" sap:unicode="false" sap:label="Time" sap:creatable="false" sap:updatable="false" sap:sortable="false" sap:filterable="false"/>
<Property Name="DefaultTime" Type="Edm.Time" Precision="0" sap:unicode="false" sap:label="Field of type TIMS" sap:creatable="false" sap:updatable="false" sap:sortable="false" sap:filterable="false"/>
<Property Name="CApproverReadOnly" Type="Edm.String" MaxLength="1" sap:unicode="false" sap:label="TRUE" sap:creatable="false" sap:updatable="false" sap:sortable="false" sap:filterable="false"/>
<Property Name="CApproverVisible" Type="Edm.String" MaxLength="1" sap:unicode="false" sap:label="TRUE" sap:creatable="false" sap:updatable="false" sap:sortable="false" sap:filterable="false"/>
<Property Name="CNoticeVisible" Type="Edm.String" MaxLength="1" sap:unicode="false" sap:label="TRUE" sap:creatable="false" sap:updatable="false" sap:sortable="false" sap:filterable="false"/>
</EntityType>
<EntityType Name="Message" sap:content-version="1">
<Key>
<PropertyRef Name="MessageText"/>
</Key>
<Property Name="Pernr" Type="Edm.String" MaxLength="8" sap:unicode="false" sap:label="Personnel No." sap:creatable="false" sap:updatable="false" sap:sortable="false"/>
<Property Name="MessageText" Type="Edm.String" Nullable="false" MaxLength="35" sap:unicode="false" sap:label="Long text" sap:creatable="false" sap:updatable="false" sap:sortable="false" sap:filterable="false"/>
<Property Name="MessageDate" Type="Edm.DateTime" Precision="7" sap:unicode="false" sap:label="Date" sap:creatable="false" sap:updatable="false" sap:sortable="false" sap:filterable="false"/>
<Property Name="MessageId" Type="Edm.Int32" sap:unicode="false" sap:label="MESSAGE_ID" sap:creatable="false" sap:updatable="false" sap:sortable="false" sap:filterable="false"/>
</EntityType>
<EntityType Name="TimeEvent" sap:content-version="1">
<Key>
<PropertyRef Name="EmployeeID"/>
<PropertyRef Name="ReqId"/>
</Key>
<Property Name="DateFrom" Type="Edm.DateTime" Precision="7" sap:unicode="false" sap:label="Date" sap:sortable="false"/>
<Property Name="AddCreatedOn" Type="Edm.DateTime" Precision="7" sap:unicode="false" sap:label="Created on" sap:sortable="false" sap:filterable="false"/>
<Property Name="AddCreatedAt" Type="Edm.Time" Precision="0" sap:unicode="false" sap:label="Created at" sap:sortable="false" sap:filterable="false"/>
<Property Name="EmployeeID" Type="Edm.String" Nullable="false" MaxLength="8" sap:unicode="false" sap:label="Personnel No." sap:sortable="false"/>
<Property Name="DateTo" Type="Edm.DateTime" Precision="7" sap:unicode="false" sap:label="Date" sap:sortable="false"/>
<Property Name="AddTerminalID" Type="Edm.String" MaxLength="4" sap:unicode="false" sap:label="Terminal ID" sap:sortable="false" sap:filterable="false"/>
<Property Name="AddAttAbsReason" Type="Edm.String" MaxLength="4" sap:unicode="false" sap:label="Att/abs. reason" sap:sortable="false" sap:filterable="false"/>
<Property Name="ReqId" Type="Edm.String" Nullable="false" MaxLength="32" sap:unicode="false" sap:label="Character field, length 32" sap:sortable="false" sap:filterable="false"/>
<Property Name="ObjectType" Type="Edm.String" MaxLength="2" sap:unicode="false" sap:label="Object type" sap:sortable="false" sap:filterable="false"/>
<Property Name="Version" Type="Edm.Int32" sap:unicode="false" sap:label="Number" sap:sortable="false" sap:filterable="false"/>
<Property Name="Infotype" Type="Edm.String" MaxLength="4" sap:unicode="false" sap:label="Infotype" sap:sortable="false" sap:filterable="false"/>
<Property Name="Position" Type="Edm.String" MaxLength="8" sap:unicode="false" sap:label="Position" sap:sortable="false" sap:filterable="false"/>
<Property Name="CUSTOMER01" Type="Edm.String" MaxLength="20" sap:unicode="false" sap:label="Customer Field" sap:sortable="false" sap:filterable="false"/>
<Property Name="Status" Type="Edm.String" MaxLength="12" sap:unicode="false" sap:label="Character Field of Length 12" sap:sortable="false"/>
<Property Name="CUSTOMER02" Type="Edm.String" MaxLength="20" sap:unicode="false" sap:label="Customer Field" sap:sortable="false" sap:filterable="false"/>
<Property Name="StatusText" Type="Edm.String" MaxLength="60" sap:unicode="false" sap:label="Short Descript." sap:sortable="false" sap:filterable="false"/>
<Property Name="CUSTOMER03" Type="Edm.String" MaxLength="20" sap:unicode="false" sap:label="Customer Field" sap:sortable="false" sap:filterable="false"/>
<Property Name="TimeType" Type="Edm.String" MaxLength="3" sap:unicode="false" sap:label="Time event type" sap:sortable="false"/>
<Property Name="CUSTOMER04" Type="Edm.String" MaxLength="20" sap:unicode="false" sap:label="Customer Field" sap:sortable="false" sap:filterable="false"/>
<Property Name="TimeTypeText" Type="Edm.String" MaxLength="60" sap:unicode="false" sap:label="TIME_TYPE_TEXT" sap:sortable="false" sap:filterable="false"/>
<Property Name="CUSTOMER05" Type="Edm.String" MaxLength="20" sap:unicode="false" sap:label="Customer Field" sap:sortable="false" sap:filterable="false"/>
<Property Name="EventDate" Type="Edm.DateTime" Precision="7" sap:unicode="false" sap:label="Date" sap:sortable="false"/>
<Property Name="CUSTOMER06" Type="Edm.String" MaxLength="20" sap:unicode="false" sap:label="Customer Field" sap:sortable="false" sap:filterable="false"/>
<Property Name="EventTime" Type="Edm.Time" Precision="0" sap:unicode="false" sap:label="Time" sap:sortable="false"/>
<Property Name="CUSTOMER07" Type="Edm.String" MaxLength="20" sap:unicode="false" sap:label="Customer Field" sap:sortable="false" sap:filterable="false"/>
<Property Name="Note" Type="Edm.String" sap:unicode="false" sap:label="NOTE" sap:sortable="false" sap:filterable="false"/>
<Property Name="CreateTime" Type="Edm.Time" Precision="0" sap:unicode="false" sap:label="Created at" sap:sortable="false"/>
<Property Name="CUSTOMER08" Type="Edm.String" MaxLength="20" sap:unicode="false" sap:label="Customer Field" sap:sortable="false" sap:filterable="false"/>
<Property Name="CreateDate" Type="Edm.DateTime" Precision="7" sap:unicode="false" sap:label="Created on" sap:sortable="false"/>
<Property Name="CUSTOMER09" Type="Edm.String" MaxLength="20" sap:unicode="false" sap:label="Customer Field" sap:sortable="false" sap:filterable="false"/>
<Property Name="CUSTOMER10" Type="Edm.String" MaxLength="20" sap:unicode="false" sap:label="Customer Field" sap:sortable="false" sap:filterable="false"/>
<Property Name="TerminalId" Type="Edm.String" MaxLength="4" sap:unicode="false" sap:label="Terminal ID" sap:sortable="false"/>
<Property Name="ActionDelete" Type="Edm.String" MaxLength="1" sap:unicode="false" sap:label="Boolean Variable (X=True, -=False, Space=Unknown)" sap:sortable="false" sap:filterable="false"/>
<Property Name="PayScaleGrp" Type="Edm.String" MaxLength="8" sap:unicode="false" sap:label="Pay Scale Group" sap:sortable="false" sap:filterable="false"/>
<Property Name="ActionModify" Type="Edm.String" MaxLength="1" sap:unicode="false" sap:label="Boolean Variable (X=True, -=False, Space=Unknown)" sap:sortable="false" sap:filterable="false"/>
<Property Name="PSLevel" Type="Edm.String" MaxLength="2" sap:unicode="false" sap:label="PS level" sap:sortable="false" sap:filterable="false"/>
<Property Name="ChangeDate" Type="Edm.DateTime" Precision="7" sap:unicode="false" sap:label="Date" sap:sortable="false" sap:filterable="false"/>
<Property Name="PremiumNo" Type="Edm.String" MaxLength="2" sap:unicode="false" sap:label="Premium no." sap:sortable="false" sap:filterable="false"/>
<Property Name="ChangeTime" Type="Edm.Time" Precision="0" sap:unicode="false" sap:label="Field of type TIMS" sap:sortable="false" sap:filterable="false"/>
<Property Name="PremiumID" Type="Edm.String" MaxLength="4" sap:unicode="false" sap:label="Premium ID" sap:sortable="false" sap:filterable="false"/>
<Property Name="ExtraPayID" Type="Edm.String" MaxLength="1" sap:unicode="false" sap:label="Extra pay ID" sap:sortable="false" sap:filterable="false"/>
<Property Name="ChangePersonName" Type="Edm.String" MaxLength="80" sap:unicode="false" sap:label="Full Name" sap:sortable="false" sap:filterable="false"/>
<Property Name="ValuationBasis" Type="Edm.Decimal" Precision="14" Scale="3" sap:unicode="false" sap:unit="Currency" sap:label="Valuation basis" sap:sortable="false" sap:filterable="false"/>
<Property Name="OperationId" Type="Edm.String" MaxLength="5" sap:unicode="false" sap:label="R/2 table" sap:sortable="false" sap:filterable="false"/>
<Property Name="AttabsReason" Type="Edm.String" MaxLength="4" sap:unicode="false" sap:label="Att/abs. reason" sap:sortable="false" sap:filterable="false"/>
<Property Name="Currency" Type="Edm.String" MaxLength="5" sap:unicode="false" sap:label="Currency" sap:sortable="false" sap:filterable="false" sap:semantics="currency-code"/>
<Property Name="ActivityType" Type="Edm.String" MaxLength="6" sap:unicode="false" sap:label="Activity Type" sap:sortable="false" sap:filterable="false"/>
<Property Name="Origin" Type="Edm.String" MaxLength="1" sap:unicode="false" sap:label="Origin" sap:sortable="false" sap:filterable="false"/>
<Property Name="DayAssignment" Type="Edm.String" MaxLength="1" sap:unicode="false" sap:label="Day assignment" sap:sortable="false" sap:filterable="false"/>
<Property Name="CostObject" Type="Edm.String" MaxLength="12" sap:unicode="false" sap:label="Cost Object" sap:sortable="false" sap:filterable="false"/>
<Property Name="WBSElement" Type="Edm.String" MaxLength="24" sap:unicode="false" sap:label="WBS element" sap:sortable="false" sap:filterable="false"/>
<Property Name="TimeRecIDNo" Type="Edm.String" MaxLength="8" sap:unicode="false" sap:label="Time rec.ID no." sap:sortable="false" sap:filterable="false"/>
<Property Name="ApproverPernr" Type="Edm.String" MaxLength="8" sap:unicode="false" sap:label="Personnel No." sap:sortable="false" sap:filterable="false"/>
<Property Name="Network" Type="Edm.String" MaxLength="12" sap:unicode="false" sap:label="Network" sap:sortable="false" sap:filterable="false"/>
<Property Name="ApproverName" Type="Edm.String" MaxLength="60" sap:unicode="false" sap:label="Approver Name" sap:sortable="false" sap:filterable="false"/>
<Property Name="SalesOrder" Type="Edm.String" MaxLength="10" sap:unicode="false" sap:label="Sales Order" sap:sortable="false" sap:filterable="false"/>
<Property Name="SalesOrderItem" Type="Edm.String" MaxLength="6" sap:unicode="false" sap:label="Sales ord. item" sap:sortable="false" sap:filterable="false"/>
<Property Name="TimezoneOffset" Type="Edm.Decimal" Precision="4" Scale="2" sap:unicode="false" sap:label="TZONE OFFSET" sap:sortable="false" sap:filterable="false"/>
<Property Name="BusinessProc" Type="Edm.String" MaxLength="12" sap:unicode="false" sap:label="Business Proc." sap:sortable="false" sap:filterable="false"/>
<Property Name="FundsCenter" Type="Edm.String" MaxLength="16" sap:unicode="false" sap:label="Funds center" sap:sortable="false" sap:filterable="false"/>
<Property Name="Fund" Type="Edm.String" MaxLength="10" sap:unicode="false" sap:label="Fund" sap:sortable="false" sap:filterable="false"/>
<Property Name="CostCenter" Type="Edm.String" MaxLength="10" sap:unicode="false" sap:label="Cost Center" sap:sortable="false" sap:filterable="false"/>
<Property Name="CompanyCode" Type="Edm.String" MaxLength="4" sap:unicode="false" sap:label="Company Code" sap:sortable="false" sap:filterable="false"/>
<Property Name="BusinessArea" Type="Edm.String" MaxLength="4" sap:unicode="false" sap:label="Business Area" sap:sortable="false" sap:filterable="false"/>
<Property Name="Text" Type="Edm.String" MaxLength="50" sap:unicode="false" sap:label="Text" sap:sortable="false" sap:filterable="false"/>
<Property Name="ServiceType" Type="Edm.String" MaxLength="2" sap:unicode="false" sap:label="Service type" sap:sortable="false" sap:filterable="false"/>
<Property Name="ServiceCategory" Type="Edm.String" MaxLength="2" sap:unicode="false" sap:label="Service cat." sap:sortable="false" sap:filterable="false"/>
<Property Name="FunctionalArea" Type="Edm.String" MaxLength="16" sap:unicode="false" sap:label="Functional Area" sap:sortable="false" sap:filterable="false"/>
<Property Name="Grant" Type="Edm.String" MaxLength="20" sap:unicode="false" sap:label="Grant" sap:sortable="false" sap:filterable="false"/>
<Property Name="CommitmentItem1" Type="Edm.String" MaxLength="14" sap:unicode="false" sap:label="Commitment item" sap:sortable="false" sap:filterable="false"/>
<Property Name="CommitmentItem2" Type="Edm.String" MaxLength="24" sap:unicode="false" sap:label="Commitment item" sap:sortable="false" sap:filterable="false"/>
<Property Name="BudgetPeriod" Type="Edm.String" MaxLength="10" sap:unicode="false" sap:label="Budget Period" sap:sortable="false" sap:filterable="false"/>
</EntityType>
<EntityType Name="TimeEventType" sap:content-version="1">
<Key>
<PropertyRef Name="TimeType"/>
</Key>
<Property Name="EmployeeID" Type="Edm.String" MaxLength="8" sap:unicode="false" sap:label="Personnel No." sap:creatable="false" sap:updatable="false" sap:sortable="false"/>
<Property Name="TimeType" Type="Edm.String" Nullable="false" MaxLength="3" sap:unicode="false" sap:label="Time event type" sap:creatable="false" sap:updatable="false" sap:sortable="false" sap:filterable="false"/>
<Property Name="TimeTypeText" Type="Edm.String" Nullable="false" MaxLength="60" sap:unicode="false" sap:label="Time Event Type" sap:creatable="false" sap:updatable="false" sap:sortable="false" sap:filterable="false"/>
<NavigationProperty Name="toAdditionalField" Relationship="ZHRF_HCMFAB_MYTIMEEVENTS_SRV.fromTimeEventTypeToAdditionalField" FromRole="FromRole_fromTimeEventTypeToAdditionalField" ToRole="ToRole_fromTimeEventTypeToAdditionalField"/>
</EntityType>
<EntityType Name="TimeStatement" m:HasStream="true" sap:content-version="1">
<Key>
<PropertyRef Name="EmployeeID"/>
<PropertyRef Name="Begda"/>
<PropertyRef Name="Endda"/>
</Key>
<Property Name="EmployeeID" Type="Edm.String" Nullable="false" MaxLength="8" sap:unicode="false" sap:label="PERNR" sap:creatable="false" sap:updatable="false" sap:sortable="false"/>
<Property Name="Begda" Type="Edm.DateTime" Nullable="false" Precision="7" sap:unicode="false" sap:label="Begin Date" sap:creatable="false" sap:updatable="false" sap:sortable="false"/>
<Property Name="Endda" Type="Edm.DateTime" Nullable="false" Precision="7" sap:unicode="false" sap:label="End Date" sap:creatable="false" sap:updatable="false" sap:sortable="false"/>
<Property Name="FileContent" Type="Edm.Binary" Nullable="false" sap:unicode="false" sap:label="File Content" sap:creatable="false" sap:updatable="false" sap:sortable="false" sap:filterable="false"/>
</EntityType>
<EntityType Name="AdditionalField" sap:content-version="1">
<Key>
<PropertyRef Name="TimeType"/>
</Key>
<Property Name="F4Title" Type="Edm.String" Nullable="false" sap:unicode="false" sap:label="F4_TITLE" sap:sortable="false" sap:filterable="false"/>
<Property Name="TimeType" Type="Edm.String" Nullable="false" MaxLength="3" sap:unicode="false" sap:label="Time event type" sap:sortable="false"/>
<Property Name="F4Description" Type="Edm.String" Nullable="false" sap:unicode="false" sap:label="F4_DESCRIPTION" sap:sortable="false" sap:filterable="false"/>
<Property Name="Fieldname" Type="Edm.String" MaxLength="30" sap:unicode="false" sap:label="Field name" sap:sortable="false" sap:filterable="false"/>
<Property Name="ProcState" Type="Edm.String" MaxLength="12" sap:unicode="false" sap:label="Document Status" sap:sortable="false" sap:filterable="false"/>
<Property Name="Required" Type="Edm.String" MaxLength="1" sap:unicode="false" sap:label="Required entry" sap:sortable="false" sap:filterable="false"/>
<Property Name="Readonly" Type="Edm.String" MaxLength="1" sap:unicode="false" sap:label="TRUE" sap:sortable="false" sap:filterable="false"/>
<Property Name="FieldLabel" Type="Edm.String" MaxLength="25" sap:unicode="false" sap:label="Alt. Label" sap:sortable="false" sap:filterable="false"/>
<Property Name="ShowInitValue" Type="Edm.String" MaxLength="1" sap:unicode="false" sap:label="TRUE" sap:sortable="false" sap:filterable="false"/>
<Property Name="ShowAtReviewSentOnly" Type="Edm.String" MaxLength="1" sap:unicode="false" sap:label="TRUE" sap:sortable="false" sap:filterable="false"/>
<Property Name="Length" Type="Edm.String" MaxLength="6" sap:unicode="false" sap:label="LENGTH" sap:sortable="false" sap:filterable="false"/>
<Property Name="Decimals" Type="Edm.String" MaxLength="6" sap:unicode="false" sap:label="DECIMALS" sap:sortable="false" sap:filterable="false"/>
<Property Name="TypeKind" Type="Edm.String" MaxLength="6" sap:unicode="false" sap:label="TYPE_KIND" sap:sortable="false" sap:filterable="false"/>
<Property Name="Name" Type="Edm.String" MaxLength="25" sap:unicode="false" sap:label="NAME" sap:sortable="false" sap:filterable="false"/>
<Property Name="HasF4" Type="Edm.String" MaxLength="6" sap:unicode="false" sap:label="HAS_F4" sap:sortable="false" sap:filterable="false"/>
<Property Name="F4EntityName" Type="Edm.String" sap:unicode="false" sap:label="F4_ENTITY_NAME" sap:sortable="false" sap:filterable="false"/>
</EntityType>
<EntityType Name="Favorites" sap:content-version="1">
<Key>
<PropertyRef Name="EmployeeID"/>
<PropertyRef Name="Subtype"/>
</Key>
<Property Name="EmployeeID" Type="Edm.String" Nullable="false" MaxLength="8" sap:unicode="false" sap:label="Personnel No."/>
<Property Name="Subtype" Type="Edm.String" Nullable="false" MaxLength="3" sap:unicode="false" sap:label="Time event type" sap:filterable="false"/>
<Property Name="SubtypeText" Type="Edm.String" MaxLength="40" sap:unicode="false" sap:label="Name" sap:filterable="false"/>
</EntityType>
<EntityType Name="SearchCompCode" sap:content-version="1">
<Key>
<PropertyRef Name="CompanyCodeID"/>
</Key>
<Property Name="CompanyCodeID" Type="Edm.String" Nullable="false" MaxLength="4" sap:unicode="false" sap:label="Company Code" sap:creatable="false" sap:updatable="false" sap:sortable="false" sap:filterable="false"/>
<Property Name="CompanyCodeText" Type="Edm.String" Nullable="false" MaxLength="25" sap:unicode="false" sap:label="Company name" sap:creatable="false" sap:updatable="false" sap:sortable="false" sap:filterable="false"/>
</EntityType>
<EntityType Name="OriginInd" sap:content-version="1">
<Key>
<PropertyRef Name="OrigInd"/>
</Key>
<Property Name="OrigInd" Type="Edm.String" Nullable="false" MaxLength="1" sap:unicode="false" sap:label="Origin" sap:creatable="false" sap:updatable="false" sap:sortable="false" sap:filterable="false"/>
</EntityType>
<EntityType Name="SearchActivityType" sap:content-version="1">
<Key>
<PropertyRef Name="ActivityTypeID"/>
</Key>
<Property Name="ActivityTypeID" Type="Edm.String" Nullable="false" MaxLength="6" sap:unicode="false" sap:label="Activity Type" sap:creatable="false" sap:updatable="false" sap:sortable="false" sap:filterable="false"/>
<Property Name="ActivityTypeText" Type="Edm.String" Nullable="false" MaxLength="20" sap:unicode="false" sap:label="Short text" sap:creatable="false" sap:updatable="false" sap:sortable="false" sap:filterable="false"/>
</EntityType>
<EntityType Name="SearchPremiumNo" sap:content-version="1">
<Key>
<PropertyRef Name="PremiumNo"/>
</Key>
<Property Name="PremiumNo" Type="Edm.String" Nullable="false" MaxLength="2" sap:unicode="false" sap:label="Premium no." sap:creatable="false" sap:updatable="false" sap:sortable="false" sap:filterable="false"/>
<Property Name="PremiumText" Type="Edm.String" Nullable="false" MaxLength="20" sap:unicode="false" sap:label="Premium text" sap:creatable="false" sap:updatable="false" sap:sortable="false" sap:filterable="false"/>
</EntityType>
<EntityType Name="SearchGrant" sap:content-version="1">
<Key>
<PropertyRef Name="GrantNbr"/>
</Key>
<Property Name="GrantNbr" Type="Edm.String" Nullable="false" MaxLength="20" sap:unicode="false" sap:label="Grant" sap:creatable="false" sap:updatable="false" sap:sortable="false" sap:filterable="false"/>
<Property Name="Description" Type="Edm.String" Nullable="false" MaxLength="80" sap:unicode="false" sap:label="Description" sap:creatable="false" sap:updatable="false" sap:sortable="false" sap:filterable="false"/>
</EntityType>
<EntityType Name="SearchCostCenter" sap:content-version="1">
<Key>
<PropertyRef Name="CostCenterID"/>
</Key>
<Property Name="CostCenterID" Type="Edm.String" Nullable="false" MaxLength="10" sap:unicode="false" sap:label="Cost Center" sap:creatable="false" sap:updatable="false" sap:sortable="false" sap:filterable="false"/>
<Property Name="CostCenterText" Type="Edm.String" Nullable="false" MaxLength="20" sap:unicode="false" sap:label="Short text" sap:creatable="false" sap:updatable="false" sap:sortable="false" sap:filterable="false"/>
</EntityType>
<EntityType Name="SearchObjectType" sap:content-version="1">
<Key>
<PropertyRef Name="ObjtypeID"/>
</Key>
<Property Name="ObjtypeID" Type="Edm.String" Nullable="false" MaxLength="2" sap:unicode="false" sap:label="Object type" sap:creatable="false" sap:updatable="false" sap:sortable="false" sap:filterable="false"/>
<Property Name="ObjTypetext" Type="Edm.String" Nullable="false" MaxLength="25" sap:unicode="false" sap:label="Object type" sap:creatable="false" sap:updatable="false" sap:sortable="false" sap:filterable="false"/>
</EntityType>
<EntityType Name="SearchSalesOrder" sap:content-version="1">
<Key>
<PropertyRef Name="PONumber"/>
</Key>
<Property Name="PONumber" Type="Edm.String" Nullable="false" MaxLength="35" sap:unicode="false" sap:label="PO Number" sap:creatable="false" sap:updatable="false" sap:sortable="false" sap:filterable="false"/>
<Property Name="SalesOrg" Type="Edm.String" Nullable="false" MaxLength="4" sap:unicode="false" sap:label="Sales Org." sap:creatable="false" sap:updatable="false" sap:sortable="false" sap:filterable="false"/>
</EntityType>
<EntityType Name="SearchNetwork" sap:content-version="1">
<Key>
<PropertyRef Name="NetworkID"/>
</Key>
<Property Name="NetworkID" Type="Edm.String" Nullable="false" MaxLength="12" sap:unicode="false" sap:label="Network" sap:creatable="false" sap:updatable="false" sap:sortable="false" sap:filterable="false"/>
<Property Name="NetworkText" Type="Edm.String" Nullable="false" MaxLength="40" sap:unicode="false" sap:label="Description" sap:creatable="false" sap:updatable="false" sap:sortable="false" sap:filterable="false"/>
</EntityType>
<EntityType Name="SearchWBS" sap:content-version="1">
<Key>
<PropertyRef Name="WBSID"/>
</Key>
<Property Name="WBSText" Type="Edm.String" Nullable="false" MaxLength="40" sap:unicode="false" sap:label="Description" sap:creatable="false" sap:updatable="false" sap:sortable="false" sap:filterable="false"/>
<Property Name="WBSID" Type="Edm.String" Nullable="false" MaxLength="24" sap:unicode="false" sap:label="WBS element" sap:creatable="false" sap:updatable="false" sap:sortable="false" sap:filterable="false"/>
</EntityType>
<EntityType Name="SearchPosition" sap:content-version="1">
<Key>
<PropertyRef Name="PositionID"/>
</Key>
<Property Name="PositionID" Type="Edm.String" Nullable="false" MaxLength="8" sap:unicode="false" sap:label="Position" sap:creatable="false" sap:updatable="false" sap:sortable="false" sap:filterable="false"/>
<Property Name="PositionText" Type="Edm.String" Nullable="false" MaxLength="25" sap:unicode="false" sap:label="Position Short Text" sap:creatable="false" sap:updatable="false" sap:sortable="false" sap:filterable="false"/>
</EntityType>
<Association Name="fromTimeEventTypeToAdditionalField" sap:content-version="1">
<End Type="ZHRF_HCMFAB_MYTIMEEVENTS_SRV.TimeEventType" Multiplicity="1" Role="FromRole_fromTimeEventTypeToAdditionalField"/>
<End Type="ZHRF_HCMFAB_MYTIMEEVENTS_SRV.AdditionalField" Multiplicity="1" Role="ToRole_fromTimeEventTypeToAdditionalField"/>
<ReferentialConstraint>
<Principal Role="FromRole_fromTimeEventTypeToAdditionalField">
<PropertyRef Name="TimeType"/>
</Principal>
<Dependent Role="ToRole_fromTimeEventTypeToAdditionalField">
<PropertyRef Name="TimeType"/>
</Dependent>
</ReferentialConstraint>
</Association>
<EntityContainer Name="ZHRF_HCMFAB_MYTIMEEVENTS_SRV_Entities" m:IsDefaultEntityContainer="true" sap:supported-formats="atom json xlsx">
<EntitySet Name="ApproverSet" EntityType="ZHRF_HCMFAB_MYTIMEEVENTS_SRV.Approver" sap:creatable="false" sap:updatable="false" sap:deletable="false" sap:pageable="false" sap:addressable="false" sap:content-version="1"/>
<EntitySet Name="SearchAttabsReasonsSet" EntityType="ZHRF_HCMFAB_MYTIMEEVENTS_SRV.SearchAttabsReasons" sap:creatable="false" sap:updatable="false" sap:deletable="false" sap:pageable="false" sap:content-version="1"/>
<EntitySet Name="ConfigurationSet" EntityType="ZHRF_HCMFAB_MYTIMEEVENTS_SRV.Configuration" sap:creatable="false" sap:updatable="false" sap:deletable="false" sap:pageable="false" sap:content-version="1"/>
<EntitySet Name="MessageSet" EntityType="ZHRF_HCMFAB_MYTIMEEVENTS_SRV.Message" sap:creatable="false" sap:updatable="false" sap:deletable="false" sap:pageable="false" sap:content-version="1"/>
<EntitySet Name="TimeEventSet" EntityType="ZHRF_HCMFAB_MYTIMEEVENTS_SRV.TimeEvent" sap:creatable="false" sap:updatable="false" sap:deletable="false" sap:pageable="false" sap:content-version="1"/>
<EntitySet Name="TimeEventTypeSet" EntityType="ZHRF_HCMFAB_MYTIMEEVENTS_SRV.TimeEventType" sap:creatable="false" sap:updatable="false" sap:deletable="false" sap:pageable="false" sap:content-version="1"/>
<EntitySet Name="TimeStatementSet" EntityType="ZHRF_HCMFAB_MYTIMEEVENTS_SRV.TimeStatement" sap:creatable="false" sap:updatable="false" sap:deletable="false" sap:pageable="false" sap:content-version="1"/>
<EntitySet Name="AdditionalFieldSet" EntityType="ZHRF_HCMFAB_MYTIMEEVENTS_SRV.AdditionalField" sap:creatable="false" sap:updatable="false" sap:deletable="false" sap:pageable="false" sap:content-version="1"/>
<EntitySet Name="FavoritesSet" EntityType="ZHRF_HCMFAB_MYTIMEEVENTS_SRV.Favorites" sap:updatable="false" sap:pageable="false" sap:addressable="false" sap:content-version="1"/>
<EntitySet Name="SearchCompCodeSet" EntityType="ZHRF_HCMFAB_MYTIMEEVENTS_SRV.SearchCompCode" sap:creatable="false" sap:updatable="false" sap:deletable="false" sap:pageable="false" sap:content-version="1"/>
<EntitySet Name="OriginIndSet" EntityType="ZHRF_HCMFAB_MYTIMEEVENTS_SRV.OriginInd" sap:creatable="false" sap:updatable="false" sap:deletable="false" sap:pageable="false" sap:content-version="1"/>
<EntitySet Name="SearchActivityTypeSet" EntityType="ZHRF_HCMFAB_MYTIMEEVENTS_SRV.SearchActivityType" sap:creatable="false" sap:updatable="false" sap:deletable="false" sap:pageable="false" sap:content-version="1"/>
<EntitySet Name="SearchPremiumNoSet" EntityType="ZHRF_HCMFAB_MYTIMEEVENTS_SRV.SearchPremiumNo" sap:creatable="false" sap:updatable="false" sap:deletable="false" sap:pageable="false" sap:content-version="1"/>
<EntitySet Name="SearchGrantSet" EntityType="ZHRF_HCMFAB_MYTIMEEVENTS_SRV.SearchGrant" sap:creatable="false" sap:updatable="false" sap:deletable="false" sap:pageable="false" sap:content-version="1"/>
<EntitySet Name="SearchCostCenterSet" EntityType="ZHRF_HCMFAB_MYTIMEEVENTS_SRV.SearchCostCenter" sap:creatable="false" sap:updatable="false" sap:deletable="false" sap:pageable="false" sap:content-version="1"/>
<EntitySet Name="SearchObjectTypeSet" EntityType="ZHRF_HCMFAB_MYTIMEEVENTS_SRV.SearchObjectType" sap:creatable="false" sap:updatable="false" sap:deletable="false" sap:pageable="false" sap:content-version="1"/>
<EntitySet Name="SearchSalesOrderSet" EntityType="ZHRF_HCMFAB_MYTIMEEVENTS_SRV.SearchSalesOrder" sap:creatable="false" sap:updatable="false" sap:deletable="false" sap:pageable="false" sap:content-version="1"/>
<EntitySet Name="SearchNetworkSet" EntityType="ZHRF_HCMFAB_MYTIMEEVENTS_SRV.SearchNetwork" sap:creatable="false" sap:updatable="false" sap:deletable="false" sap:pageable="false" sap:content-version="1"/>
<EntitySet Name="SearchWBSSet" EntityType="ZHRF_HCMFAB_MYTIMEEVENTS_SRV.SearchWBS" sap:creatable="false" sap:updatable="false" sap:deletable="false" sap:pageable="false" sap:content-version="1"/>
<EntitySet Name="SearchPositionSet" EntityType="ZHRF_HCMFAB_MYTIMEEVENTS_SRV.SearchPosition" sap:creatable="false" sap:updatable="false" sap:deletable="false" sap:pageable="false" sap:content-version="1"/>
<AssociationSet Name="fromTimeEventTypeToAdditionalField_Assoc" Association="ZHRF_HCMFAB_MYTIMEEVENTS_SRV.fromTimeEventTypeToAdditionalField" sap:creatable="false" sap:updatable="false" sap:deletable="false" sap:content-version="1">
<End EntitySet="TimeEventTypeSet" Role="FromRole_fromTimeEventTypeToAdditionalField"/>
<End EntitySet="AdditionalFieldSet" Role="ToRole_fromTimeEventTypeToAdditionalField"/>
</AssociationSet>
</EntityContainer>
<atom:link xmlns:atom="http://www.w3.org/2005/Atom" rel="self" href="http://dz2ci00v.dartcontainer.com/sap/opu/odata/sap/ZHRF_HCMFAB_MYTIMEEVENTS_SRV/$metadata"/>
<atom:link xmlns:atom="http://www.w3.org/2005/Atom" rel="latest-version" href="http://dz2ci00v.dartcontainer.com/sap/opu/odata/sap/ZHRF_HCMFAB_MYTIMEEVENTS_SRV/$metadata"/>
</Schema>
</edmx:DataServices>
</edmx:Edmx>