[{
	  "DateFrom": "/Date(1572753600000)/",
	  "AddCreatedOn": null,
	  "AddCreatedAt": "PT00H00M00S",
	  "EmployeeID": "000057628431",
	  "DateTo": "/Date(1572843600000)/",
	  "AddTerminalID": "",
	  "AddAttAbsReason": "",
	  "ReqId": "000057628431",
	  "ObjectType": "",
	  "Version": 0,
	  "Infotype": "2011",
	  "Position": "00000000",
	  "CUSTOMER01": "",
	  "Status": "POSTED",
	  "CUSTOMER02": "",
	  "StatusText": "Posted",
	  "CUSTOMER03": "",
	  "TimeType": "P01",
	  "CUSTOMER04": "",
	  "TimeTypeText": "Clock-in/-out",
	  "CUSTOMER05": "",
	  "EventDate": "/Date(1572739200000)/",
	  "CUSTOMER06": "",
	  "EventTime": "PT00H12M00S",
	  "CUSTOMER07": "",
	  "Note": "",
	  "CreateTime": "PT04H24M05S",
	  "CUSTOMER08": "",
	  "CreateDate": "/Date(1572739200000)/",
	  "CUSTOMER09": "",
	  "CUSTOMER10": "",
	  "TerminalId": "",
	  "ActionDelete": "",
	  "PayScaleGrp": "",
	  "ActionModify": "",
	  "PSLevel": "",
	  "ChangeDate": null,
	  "PremiumNo": "",
	  "ChangeTime": "PT00H00M00S",
	  "PremiumID": "0000",
	  "ExtraPayID": "",
	  "ChangePersonName": "",
	  "ValuationBasis": "0.00",
	  "OperationId": "",
	  "AttabsReason": "",
	  "Currency": "",
	  "ActivityType": "",
	  "Origin": "",
	  "DayAssignment": "=",
	  "CostObject": "",
	  "WBSElement": "",
	  "TimeRecIDNo": "00000000",
	  "ApproverPernr": "00000000",
	  "Network": "",
	  "ApproverName": "",
	  "SalesOrder": "",
	  "SalesOrderItem": "000000",
	  "TimezoneOffset": "0.00",
	  "BusinessProc": "",
	  "FundsCenter": "",
	  "Fund": "",
	  "CostCenter": "",
	  "CompanyCode": "",
	  "BusinessArea": "",
	  "Text": "",
	  "ServiceType": "",
	  "ServiceCategory": "",
	  "FunctionalArea": "",
	  "Grant": "",
	  "CommitmentItem1": "",
	  "CommitmentItem2": "",
	  "BudgetPeriod": ""
	}, {
	  "DateFrom": "/Date(1572753600000)/",
	  "AddCreatedOn": null,
	  "AddCreatedAt": "PT00H00M00S",
	  "EmployeeID": "000057628431",
	  "DateTo": "/Date(1572843600000)/",
	  "AddTerminalID": "",
	  "AddAttAbsReason": "",
	  "ReqId": "000057643811",
	  "ObjectType": "",
	  "Version": 0,
	  "Infotype": "2011",
	  "Position": "00000000",
	  "CUSTOMER01": "",
	  "Status": "POSTED",
	  "CUSTOMER02": "",
	  "StatusText": "Posted",
	  "CUSTOMER03": "",
	  "TimeType": "P01",
	  "CUSTOMER04": "",
	  "TimeTypeText": "Clock-in/-out",
	  "CUSTOMER05": "",
	  "EventDate": "/Date(1572739200000)/",
	  "CUSTOMER06": "",
	  "EventTime": "PT10H37M00S",
	  "CUSTOMER07": "",
	  "Note": "",
	  "CreateTime": "PT15H44M05S",
	  "CUSTOMER08": "",
	  "CreateDate": "/Date(1572739200000)/",
	  "CUSTOMER09": "",
	  "CUSTOMER10": "",
	  "TerminalId": "",
	  "ActionDelete": "",
	  "PayScaleGrp": "",
	  "ActionModify": "",
	  "PSLevel": "",
	  "ChangeDate": null,
	  "PremiumNo": "",
	  "ChangeTime": "PT00H00M00S",
	  "PremiumID": "0000",
	  "ExtraPayID": "",
	  "ChangePersonName": "",
	  "ValuationBasis": "0.00",
	  "OperationId": "",
	  "AttabsReason": "",
	  "Currency": "",
	  "ActivityType": "",
	  "Origin": "",
	  "DayAssignment": "=",
	  "CostObject": "",
	  "WBSElement": "",
	  "TimeRecIDNo": "00000000",
	  "ApproverPernr": "00000000",
	  "Network": "",
	  "ApproverName": "",
	  "SalesOrder": "",
	  "SalesOrderItem": "000000",
	  "TimezoneOffset": "0.00",
	  "BusinessProc": "",
	  "FundsCenter": "",
	  "Fund": "",
	  "CostCenter": "",
	  "CompanyCode": "",
	  "BusinessArea": "",
	  "Text": "",
	  "ServiceType": "",
	  "ServiceCategory": "",
	  "FunctionalArea": "",
	  "Grant": "",
	  "CommitmentItem1": "",
	  "CommitmentItem2": "",
	  "BudgetPeriod": ""
	}, {
	  "DateFrom": "/Date(1572753600000)/",
	  "AddCreatedOn": null,
	  "AddCreatedAt": "PT00H00M00S",
	  "EmployeeID": "000057628431",
	  "DateTo": "/Date(1572843600000)/",
	  "AddTerminalID": "",
	  "AddAttAbsReason": "",
	  "ReqId": "000057644411",
	  "ObjectType": "",
	  "Version": 0,
	  "Infotype": "2011",
	  "Position": "00000000",
	  "CUSTOMER01": "",
	  "Status": "POSTED",
	  "CUSTOMER02": "",
	  "StatusText": "Posted",
	  "CUSTOMER03": "",
	  "TimeType": "P01",
	  "CUSTOMER04": "",
	  "TimeTypeText": "Clock-in/-out",
	  "CUSTOMER05": "",
	  "EventDate": "/Date(1572739200000)/",
	  "CUSTOMER06": "",
	  "EventTime": "PT11H04M00S",
	  "CUSTOMER07": "",
	  "Note": "",
	  "CreateTime": "PT16H24M05S",
	  "CUSTOMER08": "",
	  "CreateDate": "/Date(1572739200000)/",
	  "CUSTOMER09": "",
	  "CUSTOMER10": "",
	  "TerminalId": "",
	  "ActionDelete": "",
	  "PayScaleGrp": "",
	  "ActionModify": "",
	  "PSLevel": "",
	  "ChangeDate": null,
	  "PremiumNo": "",
	  "ChangeTime": "PT00H00M00S",
	  "PremiumID": "0000",
	  "ExtraPayID": "",
	  "ChangePersonName": "",
	  "ValuationBasis": "0.00",
	  "OperationId": "",
	  "AttabsReason": "",
	  "Currency": "",
	  "ActivityType": "",
	  "Origin": "",
	  "DayAssignment": "=",
	  "CostObject": "",
	  "WBSElement": "",
	  "TimeRecIDNo": "00000000",
	  "ApproverPernr": "00000000",
	  "Network": "",
	  "ApproverName": "",
	  "SalesOrder": "",
	  "SalesOrderItem": "000000",
	  "TimezoneOffset": "0.00",
	  "BusinessProc": "",
	  "FundsCenter": "",
	  "Fund": "",
	  "CostCenter": "",
	  "CompanyCode": "",
	  "BusinessArea": "",
	  "Text": "",
	  "ServiceType": "",
	  "ServiceCategory": "",
	  "FunctionalArea": "",
	  "Grant": "",
	  "CommitmentItem1": "",
	  "CommitmentItem2": "",
	  "BudgetPeriod": ""
	}, {
	  "DateFrom": "/Date(1572753600000)/",
	  "AddCreatedOn": null,
	  "AddCreatedAt": "PT00H00M00S",
	  "EmployeeID": "000057628431",
	  "DateTo": "/Date(1572843600000)/",
	  "AddTerminalID": "",
	  "AddAttAbsReason": "",
	  "ReqId": "000057646715",
	  "ObjectType": "",
	  "Version": 0,
	  "Infotype": "2011",
	  "Position": "00000000",
	  "CUSTOMER01": "",
	  "Status": "POSTED",
	  "CUSTOMER02": "",
	  "StatusText": "Posted",
	  "CUSTOMER03": "",
	  "TimeType": "P01",
	  "CUSTOMER04": "",
	  "TimeTypeText": "Clock-in/-out",
	  "CUSTOMER05": "",
	  "EventDate": "/Date(1572739200000)/",
	  "CUSTOMER06": "",
	  "EventTime": "PT12H42M00S",
	  "CUSTOMER07": "",
	  "Note": "",
	  "CreateTime": "PT17H44M05S",
	  "CUSTOMER08": "",
	  "CreateDate": "/Date(1572739200000)/",
	  "CUSTOMER09": "",
	  "CUSTOMER10": "",
	  "TerminalId": "",
	  "ActionDelete": "",
	  "PayScaleGrp": "",
	  "ActionModify": "",
	  "PSLevel": "",
	  "ChangeDate": null,
	  "PremiumNo": "",
	  "ChangeTime": "PT00H00M00S",
	  "PremiumID": "0000",
	  "ExtraPayID": "",
	  "ChangePersonName": "",
	  "ValuationBasis": "0.00",
	  "OperationId": "",
	  "AttabsReason": "",
	  "Currency": "",
	  "ActivityType": "",
	  "Origin": "",
	  "DayAssignment": "=",
	  "CostObject": "",
	  "WBSElement": "",
	  "TimeRecIDNo": "00000000",
	  "ApproverPernr": "00000000",
	  "Network": "",
	  "ApproverName": "",
	  "SalesOrder": "",
	  "SalesOrderItem": "000000",
	  "TimezoneOffset": "0.00",
	  "BusinessProc": "",
	  "FundsCenter": "",
	  "Fund": "",
	  "CostCenter": "",
	  "CompanyCode": "",
	  "BusinessArea": "",
	  "Text": "",
	  "ServiceType": "",
	  "ServiceCategory": "",
	  "FunctionalArea": "",
	  "Grant": "",
	  "CommitmentItem1": "",
	  "CommitmentItem2": "",
	  "BudgetPeriod": ""
	}]