{
  "welcomeFile": "/webapp/index.html",
  "routes": [
    {
      "path": "/resources",
      "target": {
        "type": "service",
        "name": "sapui5",
        "entryPath": "/resources"
      },
      "description": "SAPUI5 Resources"
    },
    {
      "path": "/test-resources",
      "target": {
        "type": "service",
        "name": "sapui5",
        "entryPath": "/test-resources",
        "version": "1.52.20"
      },
      "description": "SAPUI5 Test Resources"
    },
    {
      "path": "/sap/",
      "target": {
        "type": "destination",
        "name": "DZ1",
        "entryPath": "/sap/"
      },
      "description": "DZ1"
    }
  ],
  "sendWelcomeFileRedirect": true,
  
  "headerWhiteList": ["pernr","event","begda","endda","slug","fileName","MIMEFileName","deletion_flag","url","MIMEType","value"] 
}