<edmx:Edmx
    xmlns:edmx="http://schemas.microsoft.com/ado/2007/06/edmx"
    xmlns:m="http://schemas.microsoft.com/ado/2007/08/dataservices/metadata"
    xmlns:sap="http://www.sap.com/Protocols/SAPData" Version="1.0">
    <edmx:DataServices m:DataServiceVersion="2.0">
        <Schema
            xmlns="http://schemas.microsoft.com/ado/2008/09/edm" Namespace="ZHRF_TIME_APPROVAL_SRV" xml:lang="en" sap:schema-version="1">
            <EntityType Name="TimeApproval" sap:content-version="1">
                <Key>
                    <PropertyRef Name="StartDate"/>
                    <PropertyRef Name="EEOrgUnit"/>
                    <PropertyRef Name="ManagerID"/>
                </Key>
                <Property Name="PayrollArea" Type="Edm.String" Nullable="false" MaxLength="2" sap:unicode="false" sap:label="Payroll area" sap:creatable="false" sap:updatable="false" sap:sortable="false" sap:filterable="false"/>
                <Property Name="PersonnelArea" Type="Edm.String" Nullable="false" MaxLength="4" sap:unicode="false" sap:label="Personnel area" sap:creatable="false" sap:updatable="false" sap:filterable="false"/>
                <Property Name="PayrollPeriod" Type="Edm.String" Nullable="false" MaxLength="2" sap:unicode="false" sap:label="Payroll Period" sap:creatable="false" sap:updatable="false" sap:filterable="false"/>
                <Property Name="PayrollYear" Type="Edm.String" Nullable="false" MaxLength="4" sap:unicode="false" sap:label="Payroll Year" sap:creatable="false" sap:updatable="false" sap:filterable="false"/>
                <Property Name="StartDate" Type="Edm.DateTime" Nullable="false" Precision="7" sap:unicode="false" sap:label="Start Date" sap:creatable="false" sap:updatable="false" sap:filterable="false"/>
                <Property Name="EndDate" Type="Edm.DateTime" Nullable="false" Precision="7" sap:unicode="false" sap:label="End Date" sap:creatable="false" sap:updatable="false" sap:sortable="false" sap:filterable="false"/>
                <Property Name="EEOrgUnit" Type="Edm.String" Nullable="false" MaxLength="8" sap:unicode="false" sap:label="EE Org Unit" sap:creatable="false" sap:updatable="false" sap:filterable="false"/>
                <Property Name="ManagerID" Type="Edm.String" Nullable="false" MaxLength="12" sap:unicode="false" sap:label="Manager ID" sap:creatable="false" sap:updatable="false" sap:filterable="false"/>
                <Property Name="ManagerName" Type="Edm.String" Nullable="false" MaxLength="40" sap:unicode="false" sap:label="Manager Name" sap:creatable="false" sap:updatable="false" sap:filterable="false"/>
                <Property Name="MgrOrgUnit" Type="Edm.String" Nullable="false" MaxLength="8" sap:unicode="false" sap:label="Mgr Org Unit" sap:creatable="false" sap:updatable="false" sap:sortable="false" sap:filterable="false"/>
                <Property Name="OrganizationalTitle" Type="Edm.String" Nullable="false" MaxLength="40" sap:unicode="false" sap:label="Organizational Title" sap:creatable="false" sap:updatable="false" sap:sortable="false" sap:filterable="false"/>
                <Property Name="DateSubmitted" Type="Edm.DateTime" Precision="7" sap:unicode="false" sap:label="Date Submitted" sap:creatable="false" sap:updatable="false" sap:sortable="false" sap:filterable="false"/>
                <Property Name="TimeSubmitted" Type="Edm.Time" Precision="0" sap:unicode="false" sap:label="Time Submitted" sap:creatable="false" sap:updatable="false" sap:sortable="false" sap:filterable="false"/>
                <Property Name="TimeZone" Type="Edm.String" MaxLength="6" sap:unicode="false" sap:label="Time Zone" sap:creatable="false" sap:updatable="false" sap:sortable="false" sap:filterable="false"/>
                <Property Name="IsConfirmed" Type="Edm.Boolean" sap:unicode="false" sap:label="Indicator" sap:creatable="false" sap:sortable="false" sap:filterable="false"/>
            </EntityType>
            <EntityContainer Name="ZHRF_TIME_APPROVAL_SRV_Entities" m:IsDefaultEntityContainer="true" sap:supported-formats="atom json xlsx">
                <EntitySet Name="TimeApprovals" EntityType="ZHRF_TIME_APPROVAL_SRV.TimeApproval" sap:creatable="false" sap:updatable="false" sap:deletable="false" sap:pageable="false" sap:content-version="1"/>
            </EntityContainer>
            <atom:link
                xmlns:atom="http://www.w3.org/2005/Atom" rel="self" href="./sap/ZHRF_TIME_APPROVAL_SRV/$metadata"/>
                <atom:link
                    xmlns:atom="http://www.w3.org/2005/Atom" rel="latest-version" href="./sap/ZHRF_TIME_APPROVAL_SRV/$metadata"/>
                </Schema>
            </edmx:DataServices>
        </edmx:Edmx>