<?xml version="1.0" encoding="utf-8"?>
<edmx:Edmx Version="1.0" 
  xmlns:edmx="http://schemas.microsoft.com/ado/2007/06/edmx" 
  xmlns:m="http://schemas.microsoft.com/ado/2007/08/dataservices/metadata" 
  xmlns:sap="http://www.sap.com/Protocols/SAPData">
  <edmx:DataServices m:DataServiceVersion="2.0">
    <Schema Namespace="ZHBN_4862_EMP_BEN_SRV" xml:lang="en" sap:schema-version="1" 
      xmlns="http://schemas.microsoft.com/ado/2008/09/edm">
      <EntityType Name="empl_head" sap:content-version="1">
        <Key>
          <PropertyRef Name="Pernr"/>
          <PropertyRef Name="Begda"/>
          <PropertyRef Name="Endda"/>
        </Key>
        <Property Name="Pernr" Type="Edm.String" Nullable="false" MaxLength="8" sap:unicode="false" sap:label="Personnel No." sap:creatable="false" sap:updatable="false" sap:sortable="false" sap:filterable="false"/>
        <Property Name="Begda" Type="Edm.String" Nullable="false" MaxLength="8" sap:unicode="false" sap:label="BeginDate" sap:creatable="false" sap:updatable="false" sap:sortable="false" sap:filterable="false"/>
        <Property Name="Endda" Type="Edm.String" Nullable="false" MaxLength="8" sap:unicode="false" sap:label="EndDate" sap:creatable="false" sap:updatable="false" sap:sortable="false" sap:filterable="false"/>
        <Property Name="Event" Type="Edm.String" Nullable="false" MaxLength="4" sap:unicode="false" sap:label="Adjust. reason" sap:creatable="false" sap:updatable="false" sap:sortable="false" sap:filterable="false"/>
        <Property Name="Seqnr" Type="Edm.String" Nullable="false" MaxLength="3" sap:unicode="false" sap:label="SequenceNo" sap:creatable="false" sap:updatable="false" sap:sortable="false" sap:filterable="false"/>
        <Property Name="Status" Type="Edm.String" MaxLength="20" sap:unicode="false" sap:label="Status" sap:creatable="false" sap:updatable="false" sap:sortable="false" sap:filterable="false"/>
        <Property Name="ename" Type="Edm.String" Nullable="false" MaxLength="40" sap:unicode="false" sap:label="Ename" sap:creatable="false" sap:updatable="false" sap:sortable="false" sap:filterable="false"/>
        <Property Name="dob" Type="Edm.String" Nullable="false" MaxLength="8" sap:unicode="false" sap:label="DOB" sap:creatable="false" sap:updatable="false" sap:sortable="false" sap:filterable="false"/>
        <Property Name="IdSession" Type="Edm.String" MaxLength="20" sap:unicode="false" sap:label="ID_SESSION" sap:creatable="false" sap:updatable="false" sap:sortable="false" sap:filterable="false"/>
        <Property Name="Erdat" Type="Edm.String" MaxLength="8" sap:unicode="false" sap:label="Created on" sap:creatable="false" sap:updatable="false" sap:sortable="false" sap:filterable="false"/>
        <Property Name="Erzet" Type="Edm.Time" Precision="0" sap:unicode="false" sap:label="Time" sap:creatable="false" sap:updatable="false" sap:sortable="false" sap:filterable="false"/>
        <Property Name="Ernam" Type="Edm.String" MaxLength="12" sap:unicode="false" sap:label="Created by" sap:creatable="false" sap:updatable="false" sap:sortable="false" sap:filterable="false"/>
        <Property Name="Aedat" Type="Edm.String" MaxLength="8" sap:unicode="false" sap:label="Changed on" sap:creatable="false" sap:updatable="false" sap:sortable="false" sap:filterable="false"/>
        <Property Name="Aezet" Type="Edm.Time" Precision="0" sap:unicode="false" sap:label="Time of change" sap:creatable="false" sap:updatable="false" sap:sortable="false" sap:filterable="false"/>
        <Property Name="Aenam" Type="Edm.String" MaxLength="12" sap:unicode="false" sap:label="Changed by" sap:creatable="false" sap:updatable="false" sap:sortable="false" sap:filterable="false"/>
      </EntityType>
      <EntityType Name="welcome_terms_text" sap:content-version="1">
        <Key>
          <PropertyRef Name="type"/>
        </Key>
        <Property Name="type" Type="Edm.String" Nullable="false" MaxLength="20" sap:unicode="false" sap:creatable="false" sap:updatable="false" sap:sortable="false" sap:filterable="false"/>
        <Property Name="text" Type="Edm.String" Nullable="false" MaxLength="9000" sap:unicode="false" sap:creatable="false" sap:updatable="false" sap:sortable="false" sap:filterable="false"/>
      </EntityType>
      <EntityType Name="benefits_link" sap:content-version="1">
        <Key>
          <PropertyRef Name="url_id"/>
        </Key>
        <Property Name="url_id" Type="Edm.String" Nullable="false" MaxLength="35" sap:unicode="false" sap:creatable="false" sap:updatable="false" sap:sortable="false" sap:filterable="false"/>
        <Property Name="begda" Type="Edm.DateTime" Nullable="false" Precision="0" sap:unicode="false" sap:label="Date" sap:creatable="false" sap:updatable="false" sap:sortable="false" sap:filterable="false"/>
        <Property Name="endda" Type="Edm.DateTime" Nullable="false" Precision="0" sap:unicode="false" sap:label="Date" sap:creatable="false" sap:updatable="false" sap:sortable="false" sap:filterable="false"/>
        <Property Name="url" Type="Edm.String" Nullable="false" MaxLength="1024" sap:unicode="false" sap:creatable="false" sap:updatable="false" sap:sortable="false" sap:filterable="false"/>
        <Property Name="text" Type="Edm.String" Nullable="false" MaxLength="1024" sap:unicode="false" sap:creatable="false" sap:updatable="false" sap:sortable="false" sap:filterable="false"/>
        <Property Name="spras" Type="Edm.String" Nullable="false" MaxLength="1" sap:unicode="false" sap:creatable="false" sap:updatable="false" sap:sortable="false" sap:filterable="false"/>
        <Property Name="location" Type="Edm.String" Nullable="false" MaxLength="4" sap:unicode="false" sap:creatable="false" sap:updatable="false" sap:sortable="false" sap:filterable="false"/>
      </EntityType>
      <EntityType Name="employeeAdjReason" sap:content-version="1">
        <Key>
          <PropertyRef Name="Pernr"/>
          <PropertyRef Name="AdjReasonCode"/>
        </Key>
        <Property Name="Pernr" Type="Edm.String" Nullable="false" MaxLength="8" sap:unicode="false" sap:creatable="false" sap:updatable="false" sap:sortable="false" sap:filterable="false"/>
        <Property Name="AdjReasonCode" Type="Edm.String" Nullable="false" MaxLength="4" sap:unicode="false" sap:creatable="false" sap:updatable="false" sap:sortable="false" sap:filterable="false"/>
        <Property Name="AdjReason" Type="Edm.String" Nullable="false" MaxLength="50" sap:unicode="false" sap:creatable="false" sap:updatable="false" sap:sortable="false" sap:filterable="false"/>
      </EntityType>
      <EntityType Name="empPlan" sap:content-version="1">
        <Key>
          <PropertyRef Name="pernr"/>
          <PropertyRef Name="event"/>
          <PropertyRef Name="infty"/>
          <PropertyRef Name="pltyp"/>
        </Key>
        <Property Name="pernr" Type="Edm.String" Nullable="false" MaxLength="8" sap:unicode="false" sap:creatable="false" sap:updatable="false" sap:sortable="false" sap:filterable="false"/>
        <Property Name="event" Type="Edm.String" Nullable="false" MaxLength="4" sap:unicode="false" sap:creatable="false" sap:updatable="false" sap:sortable="false" sap:filterable="false"/>
        <Property Name="infty" Type="Edm.String" Nullable="false" MaxLength="4" sap:unicode="false" sap:creatable="false" sap:updatable="false" sap:sortable="false" sap:filterable="false"/>
        <Property Name="pltyp" Type="Edm.String" Nullable="false" MaxLength="4" sap:unicode="false" sap:creatable="false" sap:updatable="false" sap:sortable="false" sap:filterable="false"/>
        <Property Name="bplan" Type="Edm.String" Nullable="false" MaxLength="4" sap:unicode="false" sap:creatable="false" sap:updatable="false" sap:sortable="false" sap:filterable="false"/>
        <Property Name="bopti" Type="Edm.String" Nullable="false" MaxLength="4" sap:unicode="false" sap:creatable="false" sap:updatable="false" sap:sortable="false" sap:filterable="false"/>
        <Property Name="depcv" Type="Edm.String" Nullable="false" MaxLength="4" sap:unicode="false" sap:creatable="false" sap:updatable="false" sap:sortable="false" sap:filterable="false"/>
        <Property Name="amount" Type="Edm.Decimal" Nullable="false" Precision="13" Scale="2" sap:unicode="false" sap:creatable="false" sap:updatable="false" sap:sortable="false" sap:filterable="false"/>
        <Property Name="status" Type="Edm.String" Nullable="false" MaxLength="10" sap:unicode="false" sap:creatable="false" sap:updatable="false" sap:sortable="false" sap:filterable="false"/>
        <Property Name="dty01" Type="Edm.String" Nullable="false" MaxLength="4" sap:unicode="false" sap:creatable="false" sap:updatable="false" sap:sortable="false" sap:filterable="false"/>
        <Property Name="did01" Type="Edm.String" Nullable="false" MaxLength="2" sap:unicode="false" sap:creatable="false" sap:updatable="false" sap:sortable="false" sap:filterable="false"/>
        <Property Name="bpt01" Type="Edm.Decimal" Nullable="false" Precision="3" Scale="2" sap:unicode="false" sap:creatable="false" sap:updatable="false" sap:sortable="false" sap:filterable="false"/>
        <Property Name="dty02" Type="Edm.String" Nullable="false" MaxLength="4" sap:unicode="false" sap:creatable="false" sap:updatable="false" sap:sortable="false" sap:filterable="false"/>
        <Property Name="did02" Type="Edm.String" Nullable="false" MaxLength="2" sap:unicode="false" sap:creatable="false" sap:updatable="false" sap:sortable="false" sap:filterable="false"/>
        <Property Name="bpt02" Type="Edm.Decimal" Nullable="false" Precision="3" Scale="2" sap:unicode="false" sap:creatable="false" sap:updatable="false" sap:sortable="false" sap:filterable="false"/>
      </EntityType>
      <EntityType Name="empDepBen" sap:content-version="1">
        <Key>
          <PropertyRef Name="pernr"/>
          <PropertyRef Name="type"/>
          <PropertyRef Name="subty"/>
          <PropertyRef Name="objps"/>
          <PropertyRef Name="begin_date"/>
        </Key>
        <Property Name="pernr" Type="Edm.String" Nullable="false" MaxLength="8" sap:unicode="false" sap:creatable="false" sap:updatable="false" sap:sortable="false" sap:filterable="false"/>
        <Property Name="type" Type="Edm.String" Nullable="false" MaxLength="1" sap:unicode="false" sap:creatable="false" sap:updatable="false" sap:sortable="false" sap:filterable="false"/>
        <Property Name="subty" Type="Edm.String" Nullable="false" MaxLength="4" sap:unicode="false" sap:creatable="false" sap:updatable="false" sap:sortable="false" sap:filterable="false"/>
        <Property Name="objps" Type="Edm.String" Nullable="false" MaxLength="2" sap:unicode="false" sap:creatable="false" sap:updatable="false" sap:sortable="false" sap:filterable="false"/>
        <Property Name="begin_date" Type="Edm.String" Nullable="false" MaxLength="8" sap:unicode="false" sap:creatable="false" sap:updatable="false" sap:sortable="false" sap:filterable="false"/>
        <Property Name="end_date" Type="Edm.String" Nullable="false" MaxLength="8" sap:unicode="false" sap:creatable="false" sap:updatable="false" sap:sortable="false" sap:filterable="false"/>
        <Property Name="favor" Type="Edm.String" Nullable="false" MaxLength="40" sap:unicode="false" sap:creatable="false" sap:updatable="false" sap:sortable="false" sap:filterable="false"/>
        <Property Name="fanam" Type="Edm.String" Nullable="false" MaxLength="40" sap:unicode="false" sap:creatable="false" sap:updatable="false" sap:sortable="false" sap:filterable="false"/>
        <Property Name="fasex" Type="Edm.String" Nullable="false" MaxLength="1" sap:unicode="false" sap:creatable="false" sap:updatable="false" sap:sortable="false" sap:filterable="false"/>
        <Property Name="fgbdt" Type="Edm.String" Nullable="false" sap:unicode="false" sap:creatable="false" sap:updatable="false" sap:sortable="false" sap:filterable="false"/>
        <Property Name="perid" Type="Edm.String" Nullable="false" MaxLength="20" sap:unicode="false" sap:creatable="false" sap:updatable="false" sap:sortable="false" sap:filterable="false"/>
        <Property Name="disab" Type="Edm.String" Nullable="false" MaxLength="1" sap:unicode="false" sap:creatable="false" sap:updatable="false" sap:sortable="false" sap:filterable="false"/>
        <Property Name="disab_date" Type="Edm.String" Nullable="false" MaxLength="8" sap:unicode="false" sap:creatable="false" sap:updatable="false" sap:sortable="false" sap:filterable="false"/>
        <Property Name="stras" Type="Edm.String" Nullable="false" MaxLength="30" sap:unicode="false" sap:creatable="false" sap:updatable="false" sap:sortable="false" sap:filterable="false"/>
        <Property Name="ort01" Type="Edm.String" Nullable="false" MaxLength="30" sap:unicode="false" sap:creatable="false" sap:updatable="false" sap:sortable="false" sap:filterable="false"/>
        <Property Name="state" Type="Edm.String" Nullable="false" MaxLength="25" sap:unicode="false" sap:creatable="false" sap:updatable="false" sap:sortable="false" sap:filterable="false"/>
        <Property Name="pstlz" Type="Edm.String" Nullable="false" MaxLength="10" sap:unicode="false" sap:creatable="false" sap:updatable="false" sap:sortable="false" sap:filterable="false"/>
        <Property Name="zzelig_hlth2" Type="Edm.String" Nullable="false" MaxLength="1" sap:unicode="false" sap:creatable="false" sap:updatable="false" sap:sortable="false" sap:filterable="false"/>
        <Property Name="zzhlthdt2" Type="Edm.String" Nullable="false" MaxLength="8" sap:unicode="false" sap:creatable="false" sap:updatable="false" sap:sortable="false" sap:filterable="false"/>
        <Property Name="case_num" Type="Edm.String" Nullable="false" MaxLength="10" sap:unicode="false" sap:creatable="false" sap:updatable="false" sap:sortable="false" sap:filterable="false"/>
        <Property Name="case_stat" Type="Edm.String" Nullable="false" MaxLength="1" sap:unicode="false" sap:creatable="false" sap:updatable="false" sap:sortable="false" sap:filterable="false"/>
        <Property Name="orgnm" Type="Edm.String" Nullable="false" MaxLength="40" sap:unicode="false" sap:creatable="false" sap:updatable="false" sap:sortable="false" sap:filterable="false"/>
        <Property Name="telnr" Type="Edm.String" Nullable="false" MaxLength="14" sap:unicode="false" sap:creatable="false" sap:updatable="false" sap:sortable="false" sap:filterable="false"/>
        <Property Name="pbenper" Type="Edm.String" Nullable="false" MaxLength="3" sap:unicode="false" sap:creatable="false" sap:updatable="false" sap:sortable="false" sap:filterable="false"/>
        <Property Name="cbenper" Type="Edm.String" Nullable="false" MaxLength="3" sap:unicode="false" sap:creatable="false" sap:updatable="false" sap:sortable="false" sap:filterable="false"/>
        <Property Name="status_id" Type="Edm.String" Nullable="false" MaxLength="1" sap:unicode="false" sap:creatable="false" sap:updatable="false" sap:sortable="false" sap:filterable="false"/>
        <Property Name="status" Type="Edm.String" Nullable="false" MaxLength="100" sap:unicode="false" sap:creatable="false" sap:updatable="false" sap:sortable="false" sap:filterable="false"/>
        <Property Name="event" Type="Edm.String" Nullable="false" MaxLength="4" sap:unicode="false" sap:creatable="false" sap:updatable="false" sap:sortable="false" sap:filterable="false"/>
      </EntityType>
      <EntityType Name="empSubtype" sap:content-version="1">
        <Key>
          <PropertyRef Name="subty"/>
        </Key>
        <Property Name="subty" Type="Edm.String" Nullable="false" sap:unicode="false" sap:creatable="false" sap:updatable="false" sap:sortable="false" sap:filterable="false"/>
        <Property Name="famsa" Type="Edm.String" Nullable="false" sap:unicode="false" sap:creatable="false" sap:updatable="false" sap:sortable="false" sap:filterable="false"/>
        <Property Name="type" Type="Edm.String" Nullable="false" MaxLength="1" sap:unicode="false" sap:creatable="false" sap:updatable="false" sap:sortable="false" sap:filterable="false"/>
      </EntityType>
      <EntityType Name="empUsStates" sap:content-version="1">
        <Key>
          <PropertyRef Name="bland"/>
        </Key>
        <Property Name="bland" Type="Edm.String" Nullable="false" MaxLength="3" sap:unicode="false" sap:creatable="false" sap:updatable="false" sap:sortable="false" sap:filterable="false"/>
      </EntityType>
      <EntityType Name="attachment" m:HasStream="true" sap:content-version="1">
        <Key>
          <PropertyRef Name="pernr"/>
          <PropertyRef Name="type"/>
          <PropertyRef Name="subty"/>
          <PropertyRef Name="objps"/>
          <PropertyRef Name="fileName"/>
        </Key>
        <Property Name="pernr" Type="Edm.String" Nullable="false" MaxLength="8" sap:unicode="false" sap:updatable="false" sap:sortable="false" sap:filterable="false"/>
        <Property Name="type" Type="Edm.String" Nullable="false" MaxLength="1" sap:unicode="false" sap:updatable="false" sap:sortable="false" sap:filterable="false"/>
        <Property Name="subty" Type="Edm.String" Nullable="false" MaxLength="4" sap:unicode="false" sap:updatable="false" sap:sortable="false" sap:filterable="false"/>
        <Property Name="objps" Type="Edm.String" Nullable="false" MaxLength="2" sap:unicode="false" sap:updatable="false" sap:sortable="false" sap:filterable="false"/>
        <Property Name="MIMEFileName" Type="Edm.String" Nullable="false" MaxLength="55" sap:unicode="false" sap:creatable="false" sap:updatable="false" sap:sortable="false" sap:filterable="false"/>
        <Property Name="fileName" Type="Edm.String" Nullable="false" MaxLength="55" sap:unicode="false" sap:creatable="false" sap:updatable="false" sap:sortable="false" sap:filterable="false"/>
        <Property Name="MIMEType" Type="Edm.String" Nullable="false" MaxLength="20" sap:unicode="false" sap:creatable="false" sap:updatable="false" sap:sortable="false" sap:filterable="false"/>
        <Property Name="begda" Type="Edm.String" Nullable="false" MaxLength="8" sap:unicode="false" sap:creatable="false" sap:updatable="false" sap:sortable="false" sap:filterable="false"/>
        <Property Name="value" Type="Edm.Binary" Nullable="false" sap:unicode="false" sap:creatable="false" sap:updatable="false" sap:sortable="false" sap:filterable="false"/>
        <Property Name="url" Type="Edm.String" Nullable="false" sap:unicode="false" sap:creatable="false" sap:updatable="false" sap:sortable="false" sap:filterable="false"/>
        <Property Name="deletion_flag" Type="Edm.String" Nullable="false" MaxLength="1" sap:unicode="false" sap:creatable="false" sap:updatable="false" sap:sortable="false" sap:filterable="false"/>
      </EntityType>
      <EntityType Name="emplBeneficiaries" sap:content-version="1">
        <Key>
          <PropertyRef Name="pernr"/>
          <PropertyRef Name="type"/>
          <PropertyRef Name="subty"/>
          <PropertyRef Name="objps"/>
          <PropertyRef Name="begin_date"/>
        </Key>
        <Property Name="pernr" Type="Edm.String" Nullable="false" MaxLength="8" sap:unicode="false" sap:creatable="false" sap:updatable="false" sap:sortable="false" sap:filterable="false"/>
        <Property Name="type" Type="Edm.String" Nullable="false" MaxLength="1" sap:unicode="false" sap:creatable="false" sap:updatable="false" sap:sortable="false" sap:filterable="false"/>
        <Property Name="subty" Type="Edm.String" Nullable="false" MaxLength="4" sap:unicode="false" sap:creatable="false" sap:updatable="false" sap:sortable="false" sap:filterable="false"/>
        <Property Name="objps" Type="Edm.String" Nullable="false" MaxLength="2" sap:unicode="false" sap:creatable="false" sap:updatable="false" sap:sortable="false" sap:filterable="false"/>
        <Property Name="begin_date" Type="Edm.String" Nullable="false" MaxLength="8" sap:unicode="false" sap:creatable="false" sap:updatable="false" sap:sortable="false" sap:filterable="false"/>
        <Property Name="relationship" Type="Edm.String" Nullable="false" MaxLength="40" sap:unicode="false" sap:creatable="false" sap:updatable="false" sap:sortable="false" sap:filterable="false"/>
        <Property Name="end_date" Type="Edm.String" Nullable="false" MaxLength="8" sap:unicode="false" sap:creatable="false" sap:updatable="false" sap:sortable="false" sap:filterable="false"/>
        <Property Name="favor" Type="Edm.String" Nullable="false" MaxLength="40" sap:unicode="false" sap:creatable="false" sap:updatable="false" sap:sortable="false" sap:filterable="false"/>
        <Property Name="fanam" Type="Edm.String" Nullable="false" MaxLength="40" sap:unicode="false" sap:creatable="false" sap:updatable="false" sap:sortable="false" sap:filterable="false"/>
        <Property Name="fasex" Type="Edm.String" Nullable="false" MaxLength="1" sap:unicode="false" sap:creatable="false" sap:updatable="false" sap:sortable="false" sap:filterable="false"/>
        <Property Name="fgbdt" Type="Edm.String" Nullable="false" sap:unicode="false" sap:creatable="false" sap:updatable="false" sap:sortable="false" sap:filterable="false"/>
        <Property Name="perid" Type="Edm.String" Nullable="false" MaxLength="20" sap:unicode="false" sap:creatable="false" sap:updatable="false" sap:sortable="false" sap:filterable="false"/>
        <Property Name="disab" Type="Edm.String" Nullable="false" MaxLength="1" sap:unicode="false" sap:creatable="false" sap:updatable="false" sap:sortable="false" sap:filterable="false"/>
        <Property Name="disab_date" Type="Edm.String" Nullable="false" MaxLength="8" sap:unicode="false" sap:creatable="false" sap:updatable="false" sap:sortable="false" sap:filterable="false"/>
        <Property Name="stras" Type="Edm.String" Nullable="false" MaxLength="30" sap:unicode="false" sap:creatable="false" sap:updatable="false" sap:sortable="false" sap:filterable="false"/>
        <Property Name="ort01" Type="Edm.String" Nullable="false" MaxLength="30" sap:unicode="false" sap:creatable="false" sap:updatable="false" sap:sortable="false" sap:filterable="false"/>
        <Property Name="state" Type="Edm.String" Nullable="false" MaxLength="25" sap:unicode="false" sap:creatable="false" sap:updatable="false" sap:sortable="false" sap:filterable="false"/>
        <Property Name="pstlz" Type="Edm.String" Nullable="false" MaxLength="10" sap:unicode="false" sap:creatable="false" sap:updatable="false" sap:sortable="false" sap:filterable="false"/>
        <Property Name="zzelig_hlth2" Type="Edm.String" Nullable="false" MaxLength="1" sap:unicode="false" sap:creatable="false" sap:updatable="false" sap:sortable="false" sap:filterable="false"/>
        <Property Name="zzhlthdt2" Type="Edm.String" Nullable="false" MaxLength="8" sap:unicode="false" sap:creatable="false" sap:updatable="false" sap:sortable="false" sap:filterable="false"/>
        <Property Name="case_num" Type="Edm.String" Nullable="false" MaxLength="10" sap:unicode="false" sap:creatable="false" sap:updatable="false" sap:sortable="false" sap:filterable="false"/>
        <Property Name="case_stat" Type="Edm.String" Nullable="false" MaxLength="1" sap:unicode="false" sap:creatable="false" sap:updatable="false" sap:sortable="false" sap:filterable="false"/>
        <Property Name="orgnm" Type="Edm.String" Nullable="false" MaxLength="40" sap:unicode="false" sap:creatable="false" sap:updatable="false" sap:sortable="false" sap:filterable="false"/>
        <Property Name="telnr" Type="Edm.String" Nullable="false" MaxLength="14" sap:unicode="false" sap:creatable="false" sap:updatable="false" sap:sortable="false" sap:filterable="false"/>
        <Property Name="status_id" Type="Edm.String" Nullable="false" MaxLength="1" sap:unicode="false" sap:creatable="false" sap:updatable="false" sap:sortable="false" sap:filterable="false"/>
        <Property Name="status" Type="Edm.String" Nullable="false" MaxLength="100" sap:unicode="false" sap:creatable="false" sap:updatable="false" sap:sortable="false" sap:filterable="false"/>
        <Property Name="adj_reason" Type="Edm.String" Nullable="false" MaxLength="255" sap:unicode="false" sap:creatable="false" sap:updatable="false" sap:sortable="false" sap:filterable="false"/>
      </EntityType>
      <EntityType Name="lifeInsHead" sap:content-version="1">
        <Key>
          <PropertyRef Name="event"/>
          <PropertyRef Name="pltyp"/>
          <PropertyRef Name="bopti"/>
        </Key>
        <Property Name="event" Type="Edm.String" Nullable="false" MaxLength="4" sap:unicode="false" sap:creatable="false" sap:updatable="false" sap:sortable="false" sap:filterable="false"/>
        <Property Name="pltyp" Type="Edm.String" Nullable="false" MaxLength="4" sap:unicode="false" sap:creatable="false" sap:updatable="false" sap:sortable="false" sap:filterable="false"/>
        <Property Name="bplan" Type="Edm.String" Nullable="false" MaxLength="4" sap:unicode="false" sap:creatable="false" sap:updatable="false" sap:sortable="false" sap:filterable="false"/>
        <Property Name="bopti" Type="Edm.String" Nullable="false" MaxLength="4" sap:unicode="false" sap:creatable="false" sap:updatable="false" sap:sortable="false" sap:filterable="false"/>
        <Property Name="status" Type="Edm.String" Nullable="false" MaxLength="10" sap:unicode="false" sap:creatable="false" sap:updatable="false" sap:sortable="false" sap:filterable="false"/>
        <Property Name="amount" Type="Edm.Decimal" Nullable="false" Precision="15" Scale="2" sap:unicode="false" sap:creatable="false" sap:updatable="false" sap:sortable="false" sap:filterable="false"/>
        <Property Name="enrolled" Type="Edm.String" Nullable="false" MaxLength="1" sap:unicode="false" sap:creatable="false" sap:updatable="false" sap:sortable="false" sap:filterable="false"/>
        <Property Name="premium" Type="Edm.Decimal" Nullable="false" Precision="15" Scale="2" sap:unicode="false" sap:creatable="false" sap:updatable="false" sap:sortable="false" sap:filterable="false"/>
        <Property Name="dty01" Type="Edm.String" Nullable="false" MaxLength="4" sap:unicode="false" sap:creatable="false" sap:updatable="false" sap:sortable="false" sap:filterable="false"/>
        <Property Name="did01" Type="Edm.String" Nullable="false" MaxLength="2" sap:unicode="false" sap:creatable="false" sap:updatable="false" sap:sortable="false" sap:filterable="false"/>
        <Property Name="bpt01" Type="Edm.String" Nullable="false" MaxLength="3" sap:unicode="false" sap:creatable="false" sap:updatable="false" sap:sortable="false" sap:filterable="false"/>
        <Property Name="cbpt01" Type="Edm.String" Nullable="false" MaxLength="3" sap:unicode="false" sap:creatable="false" sap:updatable="false" sap:sortable="false" sap:filterable="false"/>
        <Property Name="dty02" Type="Edm.String" Nullable="false" MaxLength="4" sap:unicode="false" sap:creatable="false" sap:updatable="false" sap:sortable="false" sap:filterable="false"/>
        <Property Name="did02" Type="Edm.String" Nullable="false" MaxLength="2" sap:unicode="false" sap:creatable="false" sap:updatable="false" sap:sortable="false" sap:filterable="false"/>
        <Property Name="bpt02" Type="Edm.String" Nullable="false" MaxLength="3" sap:unicode="false" sap:creatable="false" sap:updatable="false" sap:sortable="false" sap:filterable="false"/>
        <Property Name="cbpt02" Type="Edm.String" Nullable="false" MaxLength="3" sap:unicode="false" sap:creatable="false" sap:updatable="false" sap:sortable="false" sap:filterable="false"/>
        <Property Name="dty03" Type="Edm.String" Nullable="false" MaxLength="4" sap:unicode="false" sap:creatable="false" sap:updatable="false" sap:sortable="false" sap:filterable="false"/>
        <Property Name="did03" Type="Edm.String" Nullable="false" MaxLength="2" sap:unicode="false" sap:creatable="false" sap:updatable="false" sap:sortable="false" sap:filterable="false"/>
        <Property Name="bpt03" Type="Edm.String" Nullable="false" MaxLength="3" sap:unicode="false" sap:creatable="false" sap:updatable="false" sap:sortable="false" sap:filterable="false"/>
        <Property Name="cbpt03" Type="Edm.String" Nullable="false" MaxLength="3" sap:unicode="false" sap:creatable="false" sap:updatable="false" sap:sortable="false" sap:filterable="false"/>
        <Property Name="dty04" Type="Edm.String" Nullable="false" MaxLength="4" sap:unicode="false" sap:creatable="false" sap:updatable="false" sap:sortable="false" sap:filterable="false"/>
        <Property Name="did04" Type="Edm.String" Nullable="false" MaxLength="2" sap:unicode="false" sap:creatable="false" sap:updatable="false" sap:sortable="false" sap:filterable="false"/>
        <Property Name="bpt04" Type="Edm.String" Nullable="false" MaxLength="3" sap:unicode="false" sap:creatable="false" sap:updatable="false" sap:sortable="false" sap:filterable="false"/>
        <Property Name="cbpt04" Type="Edm.String" Nullable="false" MaxLength="3" sap:unicode="false" sap:creatable="false" sap:updatable="false" sap:sortable="false" sap:filterable="false"/>
        <Property Name="dty05" Type="Edm.String" Nullable="false" MaxLength="4" sap:unicode="false" sap:creatable="false" sap:updatable="false" sap:sortable="false" sap:filterable="false"/>
        <Property Name="did05" Type="Edm.String" Nullable="false" MaxLength="2" sap:unicode="false" sap:creatable="false" sap:updatable="false" sap:sortable="false" sap:filterable="false"/>
        <Property Name="bpt05" Type="Edm.String" Nullable="false" MaxLength="3" sap:unicode="false" sap:creatable="false" sap:updatable="false" sap:sortable="false" sap:filterable="false"/>
        <Property Name="cbpt05" Type="Edm.String" Nullable="false" MaxLength="3" sap:unicode="false" sap:creatable="false" sap:updatable="false" sap:sortable="false" sap:filterable="false"/>
        <Property Name="dty06" Type="Edm.String" Nullable="false" MaxLength="4" sap:unicode="false" sap:creatable="false" sap:updatable="false" sap:sortable="false" sap:filterable="false"/>
        <Property Name="did06" Type="Edm.String" Nullable="false" MaxLength="2" sap:unicode="false" sap:creatable="false" sap:updatable="false" sap:sortable="false" sap:filterable="false"/>
        <Property Name="bpt06" Type="Edm.String" Nullable="false" MaxLength="3" sap:unicode="false" sap:creatable="false" sap:updatable="false" sap:sortable="false" sap:filterable="false"/>
        <Property Name="cbpt06" Type="Edm.String" Nullable="false" MaxLength="3" sap:unicode="false" sap:creatable="false" sap:updatable="false" sap:sortable="false" sap:filterable="false"/>
        <Property Name="dty07" Type="Edm.String" Nullable="false" MaxLength="4" sap:unicode="false" sap:creatable="false" sap:updatable="false" sap:sortable="false" sap:filterable="false"/>
        <Property Name="did07" Type="Edm.String" Nullable="false" MaxLength="2" sap:unicode="false" sap:creatable="false" sap:updatable="false" sap:sortable="false" sap:filterable="false"/>
        <Property Name="bpt07" Type="Edm.String" Nullable="false" MaxLength="3" sap:unicode="false" sap:creatable="false" sap:updatable="false" sap:sortable="false" sap:filterable="false"/>
        <Property Name="cbpt07" Type="Edm.String" Nullable="false" MaxLength="3" sap:unicode="false" sap:creatable="false" sap:updatable="false" sap:sortable="false" sap:filterable="false"/>
        <Property Name="dty08" Type="Edm.String" Nullable="false" MaxLength="4" sap:unicode="false" sap:creatable="false" sap:updatable="false" sap:sortable="false" sap:filterable="false"/>
        <Property Name="did08" Type="Edm.String" Nullable="false" MaxLength="2" sap:unicode="false" sap:creatable="false" sap:updatable="false" sap:sortable="false" sap:filterable="false"/>
        <Property Name="bpt08" Type="Edm.String" Nullable="false" MaxLength="3" sap:unicode="false" sap:creatable="false" sap:updatable="false" sap:sortable="false" sap:filterable="false"/>
        <Property Name="cbpt08" Type="Edm.String" Nullable="false" MaxLength="3" sap:unicode="false" sap:creatable="false" sap:updatable="false" sap:sortable="false" sap:filterable="false"/>
        <Property Name="dty09" Type="Edm.String" Nullable="false" MaxLength="4" sap:unicode="false" sap:creatable="false" sap:updatable="false" sap:sortable="false" sap:filterable="false"/>
        <Property Name="did09" Type="Edm.String" Nullable="false" MaxLength="2" sap:unicode="false" sap:creatable="false" sap:updatable="false" sap:sortable="false" sap:filterable="false"/>
        <Property Name="bpt09" Type="Edm.String" Nullable="false" MaxLength="3" sap:unicode="false" sap:creatable="false" sap:updatable="false" sap:sortable="false" sap:filterable="false"/>
        <Property Name="cbpt09" Type="Edm.String" Nullable="false" MaxLength="3" sap:unicode="false" sap:creatable="false" sap:updatable="false" sap:sortable="false" sap:filterable="false"/>
        <Property Name="dty10" Type="Edm.String" Nullable="false" MaxLength="4" sap:unicode="false" sap:creatable="false" sap:updatable="false" sap:sortable="false" sap:filterable="false"/>
        <Property Name="did10" Type="Edm.String" Nullable="false" MaxLength="2" sap:unicode="false" sap:creatable="false" sap:updatable="false" sap:sortable="false" sap:filterable="false"/>
        <Property Name="bpt10" Type="Edm.String" Nullable="false" MaxLength="3" sap:unicode="false" sap:creatable="false" sap:updatable="false" sap:sortable="false" sap:filterable="false"/>
        <Property Name="cbpt10" Type="Edm.String" Nullable="false" MaxLength="3" sap:unicode="false" sap:creatable="false" sap:updatable="false" sap:sortable="false" sap:filterable="false"/>
        <Property Name="dty11" Type="Edm.String" Nullable="false" MaxLength="4" sap:unicode="false" sap:creatable="false" sap:updatable="false" sap:sortable="false" sap:filterable="false"/>
        <Property Name="did11" Type="Edm.String" Nullable="false" MaxLength="2" sap:unicode="false" sap:creatable="false" sap:updatable="false" sap:sortable="false" sap:filterable="false"/>
        <Property Name="bpt11" Type="Edm.String" Nullable="false" MaxLength="3" sap:unicode="false" sap:creatable="false" sap:updatable="false" sap:sortable="false" sap:filterable="false"/>
        <Property Name="cbpt11" Type="Edm.String" Nullable="false" MaxLength="3" sap:unicode="false" sap:creatable="false" sap:updatable="false" sap:sortable="false" sap:filterable="false"/>
        <Property Name="dty12" Type="Edm.String" Nullable="false" MaxLength="4" sap:unicode="false" sap:creatable="false" sap:updatable="false" sap:sortable="false" sap:filterable="false"/>
        <Property Name="did12" Type="Edm.String" Nullable="false" MaxLength="2" sap:unicode="false" sap:creatable="false" sap:updatable="false" sap:sortable="false" sap:filterable="false"/>
        <Property Name="bpt12" Type="Edm.String" Nullable="false" MaxLength="3" sap:unicode="false" sap:creatable="false" sap:updatable="false" sap:sortable="false" sap:filterable="false"/>
        <Property Name="cbpt12" Type="Edm.String" Nullable="false" MaxLength="3" sap:unicode="false" sap:creatable="false" sap:updatable="false" sap:sortable="false" sap:filterable="false"/>
        <Property Name="dty13" Type="Edm.String" Nullable="false" MaxLength="4" sap:unicode="false" sap:creatable="false" sap:updatable="false" sap:sortable="false" sap:filterable="false"/>
        <Property Name="did13" Type="Edm.String" Nullable="false" MaxLength="2" sap:unicode="false" sap:creatable="false" sap:updatable="false" sap:sortable="false" sap:filterable="false"/>
        <Property Name="bpt13" Type="Edm.String" Nullable="false" MaxLength="3" sap:unicode="false" sap:creatable="false" sap:updatable="false" sap:sortable="false" sap:filterable="false"/>
        <Property Name="cbpt13" Type="Edm.String" Nullable="false" MaxLength="3" sap:unicode="false" sap:creatable="false" sap:updatable="false" sap:sortable="false" sap:filterable="false"/>
        <Property Name="dty14" Type="Edm.String" Nullable="false" MaxLength="4" sap:unicode="false" sap:creatable="false" sap:updatable="false" sap:sortable="false" sap:filterable="false"/>
        <Property Name="did14" Type="Edm.String" Nullable="false" MaxLength="2" sap:unicode="false" sap:creatable="false" sap:updatable="false" sap:sortable="false" sap:filterable="false"/>
        <Property Name="bpt14" Type="Edm.String" Nullable="false" MaxLength="3" sap:unicode="false" sap:creatable="false" sap:updatable="false" sap:sortable="false" sap:filterable="false"/>
        <Property Name="cbpt14" Type="Edm.String" Nullable="false" MaxLength="3" sap:unicode="false" sap:creatable="false" sap:updatable="false" sap:sortable="false" sap:filterable="false"/>
        <Property Name="dty15" Type="Edm.String" Nullable="false" MaxLength="4" sap:unicode="false" sap:creatable="false" sap:updatable="false" sap:sortable="false" sap:filterable="false"/>
        <Property Name="did15" Type="Edm.String" Nullable="false" MaxLength="2" sap:unicode="false" sap:creatable="false" sap:updatable="false" sap:sortable="false" sap:filterable="false"/>
        <Property Name="bpt15" Type="Edm.String" Nullable="false" MaxLength="3" sap:unicode="false" sap:creatable="false" sap:updatable="false" sap:sortable="false" sap:filterable="false"/>
        <Property Name="cbpt15" Type="Edm.String" Nullable="false" MaxLength="3" sap:unicode="false" sap:creatable="false" sap:updatable="false" sap:sortable="false" sap:filterable="false"/>
        <Property Name="dty16" Type="Edm.String" Nullable="false" MaxLength="4" sap:unicode="false" sap:creatable="false" sap:updatable="false" sap:sortable="false" sap:filterable="false"/>
        <Property Name="did16" Type="Edm.String" Nullable="false" MaxLength="2" sap:unicode="false" sap:creatable="false" sap:updatable="false" sap:sortable="false" sap:filterable="false"/>
        <Property Name="bpt16" Type="Edm.String" Nullable="false" MaxLength="3" sap:unicode="false" sap:creatable="false" sap:updatable="false" sap:sortable="false" sap:filterable="false"/>
        <Property Name="cbpt16" Type="Edm.String" Nullable="false" MaxLength="3" sap:unicode="false" sap:creatable="false" sap:updatable="false" sap:sortable="false" sap:filterable="false"/>
        <Property Name="dty17" Type="Edm.String" Nullable="false" MaxLength="4" sap:unicode="false" sap:creatable="false" sap:updatable="false" sap:sortable="false" sap:filterable="false"/>
        <Property Name="did17" Type="Edm.String" Nullable="false" MaxLength="2" sap:unicode="false" sap:creatable="false" sap:updatable="false" sap:sortable="false" sap:filterable="false"/>
        <Property Name="bpt17" Type="Edm.String" Nullable="false" MaxLength="3" sap:unicode="false" sap:creatable="false" sap:updatable="false" sap:sortable="false" sap:filterable="false"/>
        <Property Name="cbpt17" Type="Edm.String" Nullable="false" MaxLength="3" sap:unicode="false" sap:creatable="false" sap:updatable="false" sap:sortable="false" sap:filterable="false"/>
        <Property Name="dty18" Type="Edm.String" Nullable="false" MaxLength="4" sap:unicode="false" sap:creatable="false" sap:updatable="false" sap:sortable="false" sap:filterable="false"/>
        <Property Name="did18" Type="Edm.String" Nullable="false" MaxLength="2" sap:unicode="false" sap:creatable="false" sap:updatable="false" sap:sortable="false" sap:filterable="false"/>
        <Property Name="bpt18" Type="Edm.String" Nullable="false" MaxLength="3" sap:unicode="false" sap:creatable="false" sap:updatable="false" sap:sortable="false" sap:filterable="false"/>
        <Property Name="cbpt18" Type="Edm.String" Nullable="false" MaxLength="3" sap:unicode="false" sap:creatable="false" sap:updatable="false" sap:sortable="false" sap:filterable="false"/>
        <Property Name="dty19" Type="Edm.String" Nullable="false" MaxLength="4" sap:unicode="false" sap:creatable="false" sap:updatable="false" sap:sortable="false" sap:filterable="false"/>
        <Property Name="did19" Type="Edm.String" Nullable="false" MaxLength="2" sap:unicode="false" sap:creatable="false" sap:updatable="false" sap:sortable="false" sap:filterable="false"/>
        <Property Name="bpt19" Type="Edm.String" Nullable="false" MaxLength="3" sap:unicode="false" sap:creatable="false" sap:updatable="false" sap:sortable="false" sap:filterable="false"/>
        <Property Name="cbpt19" Type="Edm.String" Nullable="false" MaxLength="3" sap:unicode="false" sap:creatable="false" sap:updatable="false" sap:sortable="false" sap:filterable="false"/>
        <Property Name="dty20" Type="Edm.String" Nullable="false" MaxLength="4" sap:unicode="false" sap:creatable="false" sap:updatable="false" sap:sortable="false" sap:filterable="false"/>
        <Property Name="did20" Type="Edm.String" Nullable="false" MaxLength="2" sap:unicode="false" sap:creatable="false" sap:updatable="false" sap:sortable="false" sap:filterable="false"/>
        <Property Name="bpt20" Type="Edm.String" Nullable="false" MaxLength="3" sap:unicode="false" sap:creatable="false" sap:updatable="false" sap:sortable="false" sap:filterable="false"/>
        <Property Name="cbpt20" Type="Edm.String" Nullable="false" MaxLength="3" sap:unicode="false" sap:creatable="false" sap:updatable="false" sap:sortable="false" sap:filterable="false"/>
      </EntityType>
      <EntityType Name="relationBeneficiarie" sap:content-version="1">
        <Key>
          <PropertyRef Name="subty"/>
        </Key>
        <Property Name="subty" Type="Edm.String" Nullable="false" sap:unicode="false" sap:creatable="false" sap:updatable="false" sap:sortable="false" sap:filterable="false"/>
        <Property Name="stext" Type="Edm.String" Nullable="false" sap:unicode="false" sap:creatable="false" sap:updatable="false" sap:sortable="false" sap:filterable="false"/>
        <Property Name="sprsl" Type="Edm.String" Nullable="false" sap:unicode="false" sap:creatable="false" sap:updatable="false" sap:sortable="false" sap:filterable="false"/>
      </EntityType>
      <EntityType Name="insurancePlanValues" sap:content-version="1">
        <Key>
          <PropertyRef Name="pltyp"/>
        </Key>
        <Property Name="pltyp" Type="Edm.String" Nullable="false" MaxLength="4" sap:unicode="false" sap:creatable="false" sap:updatable="false" sap:sortable="false" sap:filterable="false"/>
        <Property Name="bopti" Type="Edm.String" Nullable="false" MaxLength="4" sap:unicode="false" sap:creatable="false" sap:updatable="false" sap:sortable="false" sap:filterable="false"/>
        <Property Name="amount" Type="Edm.Decimal" Nullable="false" Precision="15" Scale="2" sap:unicode="false" sap:creatable="false" sap:updatable="false" sap:sortable="false" sap:filterable="false"/>
        <Property Name="premium" Type="Edm.Decimal" Nullable="false" Precision="15" Scale="2" sap:unicode="false" sap:creatable="false" sap:updatable="false" sap:sortable="false" sap:filterable="false"/>
      </EntityType>
      <EntityType Name="mdvPlan" sap:content-version="1">
        <Key>
          <PropertyRef Name="event"/>
          <PropertyRef Name="pltyp"/>
          <PropertyRef Name="bplan"/>
          <PropertyRef Name="bopti"/>
          <PropertyRef Name="depcv"/>
        </Key>
        <Property Name="event" Type="Edm.String" Nullable="false" MaxLength="4" sap:unicode="false" sap:creatable="false" sap:updatable="false" sap:sortable="false" sap:filterable="false"/>
        <Property Name="pltyp" Type="Edm.String" Nullable="false" MaxLength="4" sap:unicode="false" sap:creatable="false" sap:updatable="false" sap:sortable="false" sap:filterable="false"/>
        <Property Name="bplan" Type="Edm.String" Nullable="false" MaxLength="4" sap:unicode="false" sap:creatable="false" sap:updatable="false" sap:sortable="false" sap:filterable="false"/>
        <Property Name="bopti" Type="Edm.String" Nullable="false" MaxLength="4" sap:unicode="false" sap:creatable="false" sap:updatable="false" sap:sortable="false" sap:filterable="false"/>
        <Property Name="status" Type="Edm.String" Nullable="false" MaxLength="10" sap:unicode="false" sap:creatable="false" sap:updatable="false" sap:sortable="false" sap:filterable="false"/>
        <Property Name="amount" Type="Edm.Decimal" Nullable="false" Precision="15" Scale="2" sap:unicode="false" sap:creatable="false" sap:updatable="false" sap:sortable="false" sap:filterable="false"/>
        <Property Name="depcv" Type="Edm.String" Nullable="false" MaxLength="4" sap:unicode="false" sap:creatable="false" sap:updatable="false" sap:sortable="false" sap:filterable="false"/>
        <Property Name="out_pocket" Type="Edm.Decimal" Nullable="false" Precision="15" Scale="2" sap:unicode="false" sap:creatable="false" sap:updatable="false" sap:sortable="false" sap:filterable="false"/>
        <Property Name="deductible" Type="Edm.Decimal" Nullable="false" Precision="15" Scale="2" sap:unicode="false" sap:creatable="false" sap:updatable="false" sap:sortable="false" sap:filterable="false"/>
        <Property Name="smoke" Type="Edm.String" Nullable="false" MaxLength="1" sap:unicode="false" sap:creatable="false" sap:updatable="false" sap:sortable="false" sap:filterable="false"/>
        <Property Name="enrolled" Type="Edm.String" Nullable="false" MaxLength="1" sap:unicode="false" sap:creatable="false" sap:updatable="false" sap:sortable="false" sap:filterable="false"/>
        <Property Name="begda" Type="Edm.String" Nullable="false" MaxLength="8" sap:unicode="false" sap:creatable="false" sap:updatable="false" sap:sortable="false" sap:filterable="false"/>
        <Property Name="endda" Type="Edm.String" Nullable="false" MaxLength="8" sap:unicode="false" sap:creatable="false" sap:updatable="false" sap:sortable="false" sap:filterable="false"/>
        <Property Name="dty01" Type="Edm.String" Nullable="false" MaxLength="4" sap:unicode="false" sap:creatable="false" sap:updatable="false" sap:sortable="false" sap:filterable="false"/>
        <Property Name="did01" Type="Edm.String" Nullable="false" MaxLength="2" sap:unicode="false" sap:creatable="false" sap:updatable="false" sap:sortable="false" sap:filterable="false"/>
        <Property Name="dty02" Type="Edm.String" Nullable="false" MaxLength="4" sap:unicode="false" sap:creatable="false" sap:updatable="false" sap:sortable="false" sap:filterable="false"/>
        <Property Name="did02" Type="Edm.String" Nullable="false" MaxLength="2" sap:unicode="false" sap:creatable="false" sap:updatable="false" sap:sortable="false" sap:filterable="false"/>
        <Property Name="dty03" Type="Edm.String" Nullable="false" MaxLength="4" sap:unicode="false" sap:creatable="false" sap:updatable="false" sap:sortable="false" sap:filterable="false"/>
        <Property Name="did03" Type="Edm.String" Nullable="false" MaxLength="2" sap:unicode="false" sap:creatable="false" sap:updatable="false" sap:sortable="false" sap:filterable="false"/>
        <Property Name="dty04" Type="Edm.String" Nullable="false" MaxLength="4" sap:unicode="false" sap:creatable="false" sap:updatable="false" sap:sortable="false" sap:filterable="false"/>
        <Property Name="did04" Type="Edm.String" Nullable="false" MaxLength="2" sap:unicode="false" sap:creatable="false" sap:updatable="false" sap:sortable="false" sap:filterable="false"/>
        <Property Name="dty05" Type="Edm.String" Nullable="false" MaxLength="4" sap:unicode="false" sap:creatable="false" sap:updatable="false" sap:sortable="false" sap:filterable="false"/>
        <Property Name="did05" Type="Edm.String" Nullable="false" MaxLength="2" sap:unicode="false" sap:creatable="false" sap:updatable="false" sap:sortable="false" sap:filterable="false"/>
        <Property Name="dty06" Type="Edm.String" Nullable="false" MaxLength="4" sap:unicode="false" sap:creatable="false" sap:updatable="false" sap:sortable="false" sap:filterable="false"/>
        <Property Name="did06" Type="Edm.String" Nullable="false" MaxLength="4" sap:unicode="false" sap:creatable="false" sap:updatable="false" sap:sortable="false" sap:filterable="false"/>
        <Property Name="dty07" Type="Edm.String" Nullable="false" MaxLength="2" sap:unicode="false" sap:creatable="false" sap:updatable="false" sap:sortable="false" sap:filterable="false"/>
        <Property Name="did07" Type="Edm.String" Nullable="false" MaxLength="4" sap:unicode="false" sap:creatable="false" sap:updatable="false" sap:sortable="false" sap:filterable="false"/>
        <Property Name="dty08" Type="Edm.String" Nullable="false" MaxLength="2" sap:unicode="false" sap:creatable="false" sap:updatable="false" sap:sortable="false" sap:filterable="false"/>
        <Property Name="did08" Type="Edm.String" Nullable="false" MaxLength="4" sap:unicode="false" sap:creatable="false" sap:updatable="false" sap:sortable="false" sap:filterable="false"/>
        <Property Name="dty09" Type="Edm.String" Nullable="false" MaxLength="4" sap:unicode="false" sap:creatable="false" sap:updatable="false" sap:sortable="false" sap:filterable="false"/>
        <Property Name="did09" Type="Edm.String" Nullable="false" MaxLength="2" sap:unicode="false" sap:creatable="false" sap:updatable="false" sap:sortable="false" sap:filterable="false"/>
        <Property Name="dty10" Type="Edm.String" Nullable="false" MaxLength="2" sap:unicode="false" sap:creatable="false" sap:updatable="false" sap:sortable="false" sap:filterable="false"/>
        <Property Name="did10" Type="Edm.String" Nullable="false" MaxLength="4" sap:unicode="false" sap:creatable="false" sap:updatable="false" sap:sortable="false" sap:filterable="false"/>
        <Property Name="dty11" Type="Edm.String" Nullable="false" MaxLength="4" sap:unicode="false" sap:creatable="false" sap:updatable="false" sap:sortable="false" sap:filterable="false"/>
        <Property Name="did11" Type="Edm.String" Nullable="false" MaxLength="2" sap:unicode="false" sap:creatable="false" sap:updatable="false" sap:sortable="false" sap:filterable="false"/>
        <Property Name="dty12" Type="Edm.String" Nullable="false" MaxLength="4" sap:unicode="false" sap:creatable="false" sap:updatable="false" sap:sortable="false" sap:filterable="false"/>
        <Property Name="did12" Type="Edm.String" Nullable="false" MaxLength="2" sap:unicode="false" sap:creatable="false" sap:updatable="false" sap:sortable="false" sap:filterable="false"/>
        <Property Name="dty13" Type="Edm.String" Nullable="false" MaxLength="4" sap:unicode="false" sap:creatable="false" sap:updatable="false" sap:sortable="false" sap:filterable="false"/>
        <Property Name="did13" Type="Edm.String" Nullable="false" MaxLength="4" sap:unicode="false" sap:creatable="false" sap:updatable="false" sap:sortable="false" sap:filterable="false"/>
        <Property Name="dty14" Type="Edm.String" Nullable="false" MaxLength="2" sap:unicode="false" sap:creatable="false" sap:updatable="false" sap:sortable="false" sap:filterable="false"/>
        <Property Name="did14" Type="Edm.String" Nullable="false" MaxLength="2" sap:unicode="false" sap:creatable="false" sap:updatable="false" sap:sortable="false" sap:filterable="false"/>
        <Property Name="dty15" Type="Edm.String" Nullable="false" MaxLength="4" sap:unicode="false" sap:creatable="false" sap:updatable="false" sap:sortable="false" sap:filterable="false"/>
        <Property Name="did15" Type="Edm.String" Nullable="false" MaxLength="4" sap:unicode="false" sap:creatable="false" sap:updatable="false" sap:sortable="false" sap:filterable="false"/>
        <Property Name="dty16" Type="Edm.String" Nullable="false" MaxLength="2" sap:unicode="false" sap:creatable="false" sap:updatable="false" sap:sortable="false" sap:filterable="false"/>
        <Property Name="did16" Type="Edm.String" Nullable="false" MaxLength="4" sap:unicode="false" sap:creatable="false" sap:updatable="false" sap:sortable="false" sap:filterable="false"/>
        <Property Name="dty17" Type="Edm.String" Nullable="false" MaxLength="2" sap:unicode="false" sap:creatable="false" sap:updatable="false" sap:sortable="false" sap:filterable="false"/>
        <Property Name="did17" Type="Edm.String" Nullable="false" MaxLength="4" sap:unicode="false" sap:creatable="false" sap:updatable="false" sap:sortable="false" sap:filterable="false"/>
        <Property Name="dty18" Type="Edm.String" Nullable="false" MaxLength="4" sap:unicode="false" sap:creatable="false" sap:updatable="false" sap:sortable="false" sap:filterable="false"/>
        <Property Name="did18" Type="Edm.String" Nullable="false" MaxLength="2" sap:unicode="false" sap:creatable="false" sap:updatable="false" sap:sortable="false" sap:filterable="false"/>
        <Property Name="dty19" Type="Edm.String" Nullable="false" MaxLength="4" sap:unicode="false" sap:creatable="false" sap:updatable="false" sap:sortable="false" sap:filterable="false"/>
        <Property Name="did19" Type="Edm.String" Nullable="false" MaxLength="2" sap:unicode="false" sap:creatable="false" sap:updatable="false" sap:sortable="false" sap:filterable="false"/>
        <Property Name="dty20" Type="Edm.String" Nullable="false" MaxLength="4" sap:unicode="false" sap:creatable="false" sap:updatable="false" sap:sortable="false" sap:filterable="false"/>
        <Property Name="did20" Type="Edm.String" Nullable="false" MaxLength="4" sap:unicode="false" sap:creatable="false" sap:updatable="false" sap:sortable="false" sap:filterable="false"/>
      </EntityType>
      <EntityType Name="empSpendingAcc" sap:content-version="1">
        <Key>
          <PropertyRef Name="pernr"/>
          <PropertyRef Name="begda"/>
          <PropertyRef Name="endda"/>
          <PropertyRef Name="pltyp"/>
          <PropertyRef Name="event"/>
        </Key>
        <Property Name="pernr" Type="Edm.String" Nullable="false" MaxLength="8" sap:unicode="false" sap:creatable="false" sap:updatable="false" sap:sortable="false" sap:filterable="false"/>
        <Property Name="begda" Type="Edm.String" Nullable="false" MaxLength="8" sap:unicode="false" sap:creatable="false" sap:updatable="false" sap:sortable="false" sap:filterable="false"/>
        <Property Name="endda" Type="Edm.String" Nullable="false" MaxLength="8" sap:unicode="false" sap:creatable="false" sap:updatable="false" sap:sortable="false" sap:filterable="false"/>
        <Property Name="pltyp" Type="Edm.String" Nullable="false" MaxLength="4" sap:unicode="false" sap:creatable="false" sap:updatable="false" sap:sortable="false" sap:filterable="false"/>
        <Property Name="event" Type="Edm.String" Nullable="false" MaxLength="4" sap:unicode="false" sap:creatable="false" sap:updatable="false" sap:sortable="false" sap:filterable="false"/>
        <Property Name="contribution" Type="Edm.Decimal" Nullable="false" Precision="13" Scale="2" sap:unicode="false" sap:creatable="false" sap:updatable="false" sap:sortable="false" sap:filterable="false"/>
        <Property Name="min_contri" Type="Edm.Decimal" Nullable="false" Precision="13" Scale="2" sap:unicode="false" sap:creatable="false" sap:updatable="false" sap:sortable="false" sap:filterable="false"/>
        <Property Name="max_contri" Type="Edm.Decimal" Nullable="false" Precision="13" Scale="2" sap:unicode="false" sap:creatable="false" sap:updatable="false" sap:sortable="false" sap:filterable="false"/>
        <Property Name="txt_plan" Type="Edm.String" Nullable="false" MaxLength="30" sap:unicode="false" sap:creatable="false" sap:updatable="false" sap:sortable="false" sap:filterable="false"/>
        <Property Name="contri_per_pchk" Type="Edm.Decimal" Nullable="false" Precision="13" Scale="2" sap:unicode="false" sap:creatable="false" sap:updatable="false" sap:sortable="false" sap:filterable="false"/>
      </EntityType>
      <EntityType Name="empSubtypeBen" sap:content-version="1">
        <Key>
          <PropertyRef Name="subty"/>
        </Key>
        <Property Name="subty" Type="Edm.String" Nullable="false" sap:unicode="false" sap:creatable="false" sap:updatable="false" sap:sortable="false" sap:filterable="false"/>
        <Property Name="famsa" Type="Edm.String" Nullable="false" sap:unicode="false" sap:creatable="false" sap:updatable="false" sap:sortable="false" sap:filterable="false"/>
        <Property Name="type" Type="Edm.String" Nullable="false" sap:unicode="false" sap:creatable="false" sap:updatable="false" sap:sortable="false" sap:filterable="false"/>
      </EntityType>
      <EntityType Name="manageWell" sap:content-version="1">
        <Key>
          <PropertyRef Name="email"/>
        </Key>
        <Property Name="email" Type="Edm.String" Nullable="false" MaxLength="50" sap:unicode="false" sap:creatable="false" sap:updatable="false" sap:sortable="false" sap:filterable="false"/>
      </EntityType>
      <EntityType Name="benefit_summary" sap:content-version="1">
        <Key>
          <PropertyRef Name="pernr"/>
        </Key>
        <Property Name="pernr" Type="Edm.String" Nullable="false" MaxLength="10" sap:unicode="false" sap:creatable="false" sap:updatable="false" sap:sortable="false" sap:filterable="false"/>
        <Property Name="name" Type="Edm.String" Nullable="false" MaxLength="80" sap:unicode="false" sap:creatable="false" sap:updatable="false" sap:sortable="false" sap:filterable="false"/>
        <Property Name="empId" Type="Edm.String" Nullable="false" MaxLength="6" sap:unicode="false" sap:creatable="false" sap:updatable="false" sap:sortable="false" sap:filterable="false"/>
        <Property Name="phone" Type="Edm.String" Nullable="false" sap:unicode="false" sap:creatable="false" sap:updatable="false" sap:sortable="false" sap:filterable="false"/>
        <Property Name="mobile" Type="Edm.String" Nullable="false" sap:unicode="false" sap:creatable="false" sap:updatable="false" sap:sortable="false" sap:filterable="false"/>
        <Property Name="address" Type="Edm.String" Nullable="false" MaxLength="60" sap:unicode="false" sap:creatable="false" sap:updatable="false" sap:sortable="false" sap:filterable="false"/>
        <Property Name="address2" Type="Edm.String" Nullable="false" MaxLength="60" sap:unicode="false" sap:creatable="false" sap:updatable="false" sap:sortable="false" sap:filterable="false"/>
        <Property Name="city" Type="Edm.String" Nullable="false" MaxLength="40" sap:unicode="false" sap:creatable="false" sap:updatable="false" sap:sortable="false" sap:filterable="false"/>
        <Property Name="postal" Type="Edm.String" Nullable="false" MaxLength="10" sap:unicode="false" sap:creatable="false" sap:updatable="false" sap:sortable="false" sap:filterable="false"/>
      </EntityType>
      <EntityType Name="plan_summary" sap:content-version="1">
        <Key>
          <PropertyRef Name="pltyp"/>
          <PropertyRef Name="option"/>
          <PropertyRef Name="coverage"/>
        </Key>
        <Property Name="pltyp" Type="Edm.String" Nullable="false" sap:unicode="false" sap:creatable="false" sap:updatable="false" sap:sortable="false" sap:filterable="false"/>
        <Property Name="option" Type="Edm.String" Nullable="false" sap:unicode="false" sap:creatable="false" sap:updatable="false" sap:sortable="false" sap:filterable="false"/>
        <Property Name="coverage" Type="Edm.String" Nullable="false" sap:unicode="false" sap:creatable="false" sap:updatable="false" sap:sortable="false" sap:filterable="false"/>
        <Property Name="preTax" Type="Edm.String" Nullable="false" sap:unicode="false" sap:creatable="false" sap:updatable="false" sap:sortable="false" sap:filterable="false"/>
        <Property Name="postTax" Type="Edm.String" Nullable="false" sap:unicode="false" sap:creatable="false" sap:updatable="false" sap:sortable="false" sap:filterable="false"/>
        <Property Name="frequency" Type="Edm.String" Nullable="false" sap:unicode="false" sap:creatable="false" sap:updatable="false" sap:sortable="false" sap:filterable="false"/>
        <Property Name="begda" Type="Edm.String" Nullable="false" sap:unicode="false" sap:creatable="false" sap:updatable="false" sap:sortable="false" sap:filterable="false"/>
        <Property Name="endda" Type="Edm.String" Nullable="false" sap:unicode="false" sap:creatable="false" sap:updatable="false" sap:sortable="false" sap:filterable="false"/>
      </EntityType>
      <EntityContainer Name="ZHBN_4862_EMP_BEN_SRV_Entities" m:IsDefaultEntityContainer="true" sap:supported-formats="atom json xlsx">
        <EntitySet Name="empl_headSet" EntityType="ZHBN_4862_EMP_BEN_SRV.empl_head" sap:creatable="false" sap:updatable="false" sap:deletable="false" sap:pageable="false" sap:content-version="1"/>
        <EntitySet Name="welcome_terms_textSet" EntityType="ZHBN_4862_EMP_BEN_SRV.welcome_terms_text" sap:creatable="false" sap:updatable="false" sap:deletable="false" sap:pageable="false" sap:addressable="false" sap:content-version="1"/>
        <EntitySet Name="benefits_linkSet" EntityType="ZHBN_4862_EMP_BEN_SRV.benefits_link" sap:creatable="false" sap:updatable="false" sap:deletable="false" sap:pageable="false" sap:addressable="false" sap:content-version="1"/>
        <EntitySet Name="employeeAdjReasonSet" EntityType="ZHBN_4862_EMP_BEN_SRV.employeeAdjReason" sap:creatable="false" sap:updatable="false" sap:deletable="false" sap:pageable="false" sap:addressable="false" sap:content-version="1"/>
        <EntitySet Name="empPlanSet" EntityType="ZHBN_4862_EMP_BEN_SRV.empPlan" sap:creatable="false" sap:updatable="false" sap:deletable="false" sap:pageable="false" sap:addressable="false" sap:content-version="1"/>
        <EntitySet Name="empDepBenSet" EntityType="ZHBN_4862_EMP_BEN_SRV.empDepBen" sap:creatable="false" sap:deletable="false" sap:pageable="false" sap:addressable="false" sap:content-version="1"/>
        <EntitySet Name="empSubtypeSet" EntityType="ZHBN_4862_EMP_BEN_SRV.empSubtype" sap:creatable="false" sap:updatable="false" sap:deletable="false" sap:pageable="false" sap:addressable="false" sap:content-version="1"/>
        <EntitySet Name="empUsStatesSet" EntityType="ZHBN_4862_EMP_BEN_SRV.empUsStates" sap:creatable="false" sap:updatable="false" sap:deletable="false" sap:pageable="false" sap:addressable="false" sap:content-version="1"/>
        <EntitySet Name="attachmentSet" EntityType="ZHBN_4862_EMP_BEN_SRV.attachment" sap:creatable="false" sap:updatable="false" sap:deletable="false" sap:pageable="false" sap:addressable="false" sap:content-version="1"/>
        <EntitySet Name="emplBeneficiariesSet" EntityType="ZHBN_4862_EMP_BEN_SRV.emplBeneficiaries" sap:creatable="false" sap:updatable="false" sap:deletable="false" sap:pageable="false" sap:addressable="false" sap:content-version="1"/>
        <EntitySet Name="lifeInsHeadSet" EntityType="ZHBN_4862_EMP_BEN_SRV.lifeInsHead" sap:creatable="false" sap:updatable="false" sap:deletable="false" sap:pageable="false" sap:addressable="false" sap:content-version="1"/>
        <EntitySet Name="relationBeneficiarieSet" EntityType="ZHBN_4862_EMP_BEN_SRV.relationBeneficiarie" sap:creatable="false" sap:updatable="false" sap:deletable="false" sap:pageable="false" sap:addressable="false" sap:content-version="1"/>
        <EntitySet Name="insurancePlanValuesSet" EntityType="ZHBN_4862_EMP_BEN_SRV.insurancePlanValues" sap:creatable="false" sap:updatable="false" sap:deletable="false" sap:pageable="false" sap:addressable="false" sap:content-version="1"/>
        <EntitySet Name="mdvPlanSet" EntityType="ZHBN_4862_EMP_BEN_SRV.mdvPlan" sap:creatable="false" sap:updatable="false" sap:deletable="false" sap:pageable="false" sap:addressable="false" sap:content-version="1"/>
        <EntitySet Name="empSpendingAccSet" EntityType="ZHBN_4862_EMP_BEN_SRV.empSpendingAcc" sap:creatable="false" sap:updatable="false" sap:deletable="false" sap:pageable="false" sap:addressable="false" sap:content-version="1"/>
        <EntitySet Name="empSubtypeBenSet" EntityType="ZHBN_4862_EMP_BEN_SRV.empSubtypeBen" sap:creatable="false" sap:updatable="false" sap:deletable="false" sap:pageable="false" sap:addressable="false" sap:content-version="1"/>
        <EntitySet Name="manageWell" EntityType="ZHBN_4862_EMP_BEN_SRV.manageWell" sap:creatable="false" sap:updatable="false" sap:deletable="false" sap:pageable="false" sap:addressable="false" sap:content-version="1"/>
        <EntitySet Name="benefit_summary" EntityType="ZHBN_4862_EMP_BEN_SRV.benefit_summary" sap:creatable="false" sap:updatable="false" sap:deletable="false" sap:pageable="false" sap:addressable="false" sap:content-version="1"/>
        <EntitySet Name="plan_summary" EntityType="ZHBN_4862_EMP_BEN_SRV.plan_summary" sap:creatable="false" sap:updatable="false" sap:deletable="false" sap:pageable="false" sap:addressable="false" sap:content-version="1"/>
      </EntityContainer>
      <atom:link rel="self" href="http://dz1.virtual:8443/sap/opu/odata/sap/ZHBN_4862_EMP_BEN_SRV/$metadata" 
        xmlns:atom="http://www.w3.org/2005/Atom"/>
      <atom:link rel="latest-version" href="http://dz1.virtual:8443/sap/opu/odata/sap/ZHBN_4862_EMP_BEN_SRV/$metadata" 
        xmlns:atom="http://www.w3.org/2005/Atom"/>
    </Schema>
  </edmx:DataServices>
</edmx:Edmx>