[{
	"Pernr": "DEFAULT_USER",
	"AdjReasonCode": "HIRE",
	"AdjReason": "New Hire"
}, {
	"Pernr": "DEFAULT_USER",
	"AdjReasonCode": "OPEN",
	"AdjReason": "Open Enrollment"
}, {
	"Pernr": "DEFAULT_USER",
	"AdjReasonCode": "ANY",
	"AdjReason": "Change Beneficiaries"
}, {
	"Pernr": "DEFAULT_USER",
	"AdjReasonCode": "CHGC",
	"AdjReason": "Gain or Loss of Coverage"
}, {
	"Pernr": "DEFAULT_USER",
	"AdjReasonCode": "LIFE",
	"AdjReason": "Birth, Adoption, or Legal Custody"
}, {
	"Pernr": "DEFAULT_USER",
	"AdjReasonCode": "MART",
	"AdjReason": "Change in Marital Status"
}, {
	"Pernr": "DEFAULT_USER",
	"AdjReasonCode": "DETH",
	"AdjReason": "Death of a Dependent"
},
{
	"Pernr": "DEFAULT_USER",
	"AdjReasonCode": "NONE",
	"AdjReason": "None"
}]