[{
	"text": "This is some text to display on the Landing Page screen, provided by SAP, but in this case actually hardcoded into the mockdata, so we don't need to have hte data working on the backend.",
	"type": "welcome"
}, {
	"type": "VideoDefault",
	"text": "This is what would be displayed when a video fails to render, or if there is no video. "
}, {
	"text": "erifying Your Dependents; Please note, you will be required to submit eligibility verification documentation for all dependents added to coverage before their medical, dental, or vision coverage is established. You will receive notification of required documentation based on dependent type at the end of your enrollment. If we do not receive the required documentation, your dependent(s) will not have coverage under your benefit plans.",
	"type": "dependent"
}, {
	"type": "spouse",
	"text": "A copy of your marriage certificate AND one form of dated (within 6 months) documentation establishing current marital status such as: a joint household bill, joint bank/credit account, joint mortgage or lease, or front page of your 2018 jointly filed federal tax return (with blacked out financial information) or front page of your individually filed federal tax returns both showing common current address."
}]