{
	"routes": [{
		"path": "/webapp/resources",
		"target": {
			"type": "service",
			"name": "sapui5",
			"entryPath": "/resources",
			"version": "1.44.35"
		},
		"description": "SAPUI5 Resources"
	}, {
		"path": "/webapp/test-resources",
		"target": {
			"type": "service",
			"name": "sapui5",
			"entryPath": "/test-resources",
			"version": "1.44.35"
		},
		"description": "SAPUI5 Test Resources"
	}, {
		"path": "/resources",
		"target": {
			"type": "service",
			"name": "sapui5",
			"entryPath": "/resources",
			"version": "1.44.35"
		},
		"description": "SAPUI5 Resources"
	}, {
		"path": "/test-resources",
		"target": {
			"type": "service",
			"name": "sapui5",
			"entryPath": "/test-resources",
			"version": "1.44.35"
		},
		"description": "SAPUI5 Test Resources"
	}, {
		"path": "/sap/opu/odata",
		"target": {
			"type": "destination",
			"name": "DZ1",
			"entryPath": "/sap/opu/odata"
		},
		"description": "DZ1"
	}, {
		"path": "/sap/bc/ui5_ui5/sap/zdarthcmcore",
		"target": {
			"type": "application",
			"name": "darthcmcore"
		},
		"description": "Custom control library"
	}]
}