<edmx:Edmx xmlns:edmx="http://schemas.microsoft.com/ado/2007/06/edmx" xmlns:m="http://schemas.microsoft.com/ado/2007/08/dataservices/metadata" xmlns:sap="http://www.sap.com/Protocols/SAPData" Version="1.0">
<edmx:DataServices m:DataServiceVersion="2.0">
<Schema xmlns="http://schemas.microsoft.com/ado/2008/09/edm" Namespace="ZHRF_SHARED_SRV" xml:lang="en" sap:schema-version="1">
<EntityType Name="Subordinate" sap:content-version="1">
<Key>
<PropertyRef Name="EmployeeNum"/>
</Key>
<Property Name="SubordinateInfo" Type="ZHRF_SHARED_SRV.Employee" Nullable="false"/>
<Property Name="SubGroupExclusion" Type="Edm.String" Nullable="false" MaxLength="30" sap:unicode="false" sap:label="To Exclude Exempt pass EF, EP, SF, SP" sap:creatable="false" sap:updatable="false" sap:sortable="false" sap:filterable="false"/>
<Property Name="EmployeeGroup" Type="Edm.String" Nullable="false" MaxLength="1" sap:unicode="false" sap:label="Employee Group" sap:creatable="false" sap:updatable="false" sap:sortable="false" sap:filterable="false"/>
<Property Name="EmployeeSubGroup" Type="Edm.String" Nullable="false" MaxLength="2" sap:unicode="false" sap:label="Employee Sub Group" sap:creatable="false" sap:updatable="false" sap:sortable="false" sap:filterable="false"/>
<Property Name="StartDate" Type="Edm.DateTime" Precision="7" sap:unicode="false" sap:label="Start date" sap:creatable="false" sap:updatable="false" sap:sortable="false" sap:filterable="false"/>
<Property Name="DelegatorId" Type="Edm.String" Nullable="false" sap:unicode="false" sap:label="DelegatorId" sap:creatable="false" sap:updatable="false" sap:sortable="false" sap:filterable="false"/>
<Property Name="Enddate" Type="Edm.DateTime" Precision="7" sap:unicode="false" sap:label="End Date" sap:creatable="false" sap:updatable="false" sap:sortable="false" sap:filterable="false"/>
<Property Name="HistoricalRecordFlag" Type="Edm.String" Nullable="false" MaxLength="1" sap:unicode="false" sap:label="Historical rec." sap:creatable="false" sap:updatable="false" sap:sortable="false" sap:filterable="false"/>
<Property Name="PlanningStatus" Type="Edm.String" Nullable="false" MaxLength="1" sap:unicode="false" sap:label="Planning status" sap:creatable="false" sap:updatable="false" sap:sortable="false" sap:filterable="false"/>
<Property Name="Key" Type="Edm.String" Nullable="false" MaxLength="6" sap:unicode="false" sap:label="Key" sap:creatable="false" sap:updatable="false" sap:sortable="false" sap:filterable="false"/>
<Property Name="EmployeeNum" Type="Edm.String" Nullable="false" MaxLength="8" sap:unicode="false" sap:label="Object ID" sap:creatable="false" sap:updatable="false" sap:sortable="false" sap:filterable="false"/>
<Property Name="Selection" Type="Edm.String" Nullable="false" MaxLength="15" sap:unicode="false" sap:label="Object select." sap:creatable="false" sap:updatable="false" sap:sortable="false" sap:filterable="false"/>
<Property Name="ObjectType" Type="Edm.String" Nullable="false" MaxLength="2" sap:unicode="false" sap:label="Object Type" sap:creatable="false" sap:updatable="false" sap:sortable="false" sap:filterable="false"/>
<Property Name="PlanVersion" Type="Edm.String" Nullable="false" MaxLength="2" sap:unicode="false" sap:label="Plan Version" sap:creatable="false" sap:updatable="false" sap:sortable="false" sap:filterable="false"/>
<NavigationProperty Name="SubordinateTheManager" Relationship="ZHRF_SHARED_SRV.SubordinateTheManager" FromRole="FromRole_SubordinateTheManager" ToRole="ToRole_SubordinateTheManager"/>
</EntityType>
<EntityType Name="Manager" sap:content-version="1">
<Key>
<PropertyRef Name="EmployeeNum"/>
</Key>
<Property Name="ManagerInfo" Type="ZHRF_SHARED_SRV.Employee" Nullable="false"/>
<Property Name="EmployeeNum" Type="Edm.String" Nullable="false" MaxLength="8" sap:unicode="false" sap:label="Personnel No." sap:creatable="false" sap:updatable="false" sap:sortable="false" sap:filterable="false"/>
<Property Name="FirstName" Type="Edm.String" Nullable="false" MaxLength="25" sap:unicode="false" sap:label="First name" sap:creatable="false" sap:updatable="false" sap:sortable="false" sap:filterable="false"/>
<Property Name="LastName" Type="Edm.String" Nullable="false" MaxLength="25" sap:unicode="false" sap:label="Last name" sap:creatable="false" sap:updatable="false" sap:sortable="false" sap:filterable="false"/>
<Property Name="Ename" Type="Edm.String" Nullable="false" MaxLength="40" sap:unicode="false" sap:label="Empl./appl.name" sap:creatable="false" sap:updatable="false" sap:sortable="false" sap:filterable="false"/>
<Property Name="OrgId" Type="Edm.String" Nullable="false" MaxLength="8" sap:unicode="false" sap:label="Object ID" sap:creatable="false" sap:updatable="false" sap:sortable="false" sap:filterable="false"/>
<Property Name="OrgText" Type="Edm.String" Nullable="false" MaxLength="40" sap:unicode="false" sap:label="Name" sap:creatable="false" sap:updatable="false" sap:sortable="false" sap:filterable="false"/>
<Property Name="JobId" Type="Edm.String" Nullable="false" MaxLength="8" sap:unicode="false" sap:label="Object ID" sap:creatable="false" sap:updatable="false" sap:sortable="false" sap:filterable="false"/>
<Property Name="JobText" Type="Edm.String" Nullable="false" MaxLength="40" sap:unicode="false" sap:label="Name" sap:creatable="false" sap:updatable="false" sap:sortable="false" sap:filterable="false"/>
</EntityType>
<EntityType Name="TheManager" sap:content-version="1">
<Key>
<PropertyRef Name="ManagerPersonnelNum"/>
</Key>
<Property Name="ManagerInfo" Type="ZHRF_SHARED_SRV.Employee" Nullable="false"/>
<Property Name="EmployeeNum" Type="Edm.String" Nullable="false" MaxLength="8" sap:unicode="false" sap:label="Personnel No." sap:creatable="false" sap:updatable="false" sap:sortable="false" sap:filterable="false"/>
<Property Name="ManagerPersonnelNum" Type="Edm.String" Nullable="false" MaxLength="8" sap:unicode="false" sap:label="Personnel No." sap:creatable="false" sap:updatable="false" sap:sortable="false" sap:filterable="false"/>
</EntityType>
<EntityType Name="DelegatedToMe" sap:content-version="1">
<Key>
<PropertyRef Name="EmployeeId"/>
</Key>
<Property Name="DelegatorInfo" Type="ZHRF_SHARED_SRV.Employee" Nullable="false"/>
<Property Name="SubstituteProfileText" Type="Edm.String" Nullable="false" MaxLength="25" sap:unicode="false" sap:label="Task Description" sap:creatable="false" sap:updatable="false" sap:sortable="false" sap:filterable="false"/>
<Property Name="EmployeeId" Type="Edm.String" Nullable="false" MaxLength="12" sap:unicode="false" sap:label="User" sap:creatable="false" sap:updatable="false" sap:sortable="false" sap:filterable="false"/>
<Property Name="StartDate" Type="Edm.DateTime" Precision="7" sap:unicode="false" sap:label="Start date" sap:creatable="false" sap:updatable="false" sap:sortable="false" sap:filterable="false"/>
<Property Name="EndDate" Type="Edm.DateTime" Precision="7" sap:unicode="false" sap:label="End Date" sap:creatable="false" sap:updatable="false" sap:sortable="false" sap:filterable="false"/>
<Property Name="SubstituteProfile" Type="Edm.String" Nullable="false" MaxLength="12" sap:unicode="false" sap:label="Substitute Profile" sap:creatable="false" sap:updatable="false" sap:sortable="false" sap:filterable="false"/>
</EntityType>
<ComplexType Name="Employee">
<Property Name="EmployeeId" Type="Edm.String" Nullable="false" sap:creatable="false" sap:updatable="false" sap:sortable="false" sap:filterable="false"/>
<Property Name="UserName" Type="Edm.String" Nullable="false" sap:creatable="false" sap:updatable="false" sap:sortable="false" sap:filterable="false"/>
<Property Name="FirstName" Type="Edm.String" Nullable="false" sap:creatable="false" sap:updatable="false" sap:sortable="false" sap:filterable="false"/>
<Property Name="LastName" Type="Edm.String" Nullable="false" sap:creatable="false" sap:updatable="false" sap:sortable="false" sap:filterable="false"/>
<Property Name="Name" Type="Edm.String" Nullable="false" sap:creatable="false" sap:updatable="false" sap:sortable="false" sap:filterable="false"/>
<Property Name="Email" Type="Edm.String" Nullable="false" sap:creatable="false" sap:updatable="false" sap:sortable="false" sap:filterable="false"/>
</ComplexType>
<Association Name="SubordinateTheManager" sap:content-version="1">
<End Type="ZHRF_SHARED_SRV.Subordinate" Multiplicity="1" Role="FromRole_SubordinateTheManager"/>
<End Type="ZHRF_SHARED_SRV.TheManager" Multiplicity="*" Role="ToRole_SubordinateTheManager"/>
<ReferentialConstraint>
<Principal Role="FromRole_SubordinateTheManager">
<PropertyRef Name="EmployeeNum"/>
</Principal>
<Dependent Role="ToRole_SubordinateTheManager">
<PropertyRef Name="EmployeeNum"/>
</Dependent>
</ReferentialConstraint>
</Association>
<EntityContainer Name="ZHRF_SHARED_SRV_Entities" m:IsDefaultEntityContainer="true" sap:supported-formats="atom json xlsx">
<EntitySet Name="Subordinates" EntityType="ZHRF_SHARED_SRV.Subordinate" sap:creatable="false" sap:updatable="false" sap:deletable="false" sap:pageable="false" sap:content-version="1"/>
<EntitySet Name="Managers" EntityType="ZHRF_SHARED_SRV.Manager" sap:creatable="false" sap:updatable="false" sap:deletable="false" sap:pageable="false" sap:content-version="1"/>
<EntitySet Name="TheManager" EntityType="ZHRF_SHARED_SRV.TheManager" sap:creatable="false" sap:updatable="false" sap:deletable="false" sap:pageable="false" sap:content-version="1"/>
<EntitySet Name="DelegatedToMe" EntityType="ZHRF_SHARED_SRV.DelegatedToMe" sap:creatable="false" sap:updatable="false" sap:deletable="false" sap:pageable="false" sap:content-version="1"/>
<AssociationSet Name="SubordinateTheManagerSet" Association="ZHRF_SHARED_SRV.SubordinateTheManager" sap:creatable="false" sap:updatable="false" sap:deletable="false" sap:content-version="1">
<End EntitySet="Subordinates" Role="FromRole_SubordinateTheManager"/>
<End EntitySet="TheManager" Role="ToRole_SubordinateTheManager"/>
</AssociationSet>
</EntityContainer>
<atom:link xmlns:atom="http://www.w3.org/2005/Atom" rel="self" href="http://dz2ci00v.dartcontainer.com/sap/opu/odata/sap/ZHRF_SHARED_SRV/$metadata"/>
<atom:link xmlns:atom="http://www.w3.org/2005/Atom" rel="latest-version" href="http://dz2ci00v.dartcontainer.com/sap/opu/odata/sap/ZHRF_SHARED_SRV/$metadata"/>
</Schema>
</edmx:DataServices>
</edmx:Edmx>