[{
	"Key": "Key 1",
	"PlanVersion": "PlanVersion 1",
	"ObjectType": "ObjectType 1",
	"EmployeeNum": "EmployeeNum 1",
	"StartDate": "/Date(1032207487000)/",
	"Enddate": "/Date(1358111887000)/",
	"PlanningStatus": "PlanningStatus 1",
	"HistoricalRecordFlag": "HistoricalRecordFlag 1",
	"Abbreviation": "Abbreviation 1",
	"ObjectName": "EmployeeName 1",
	"ExtendedObjectID": "ExtendedObjectID 1",
	"UserID": "UserID 1",
	"Selection": "Selection 1",
	"__metadata": {
		"uri": "Subordinates('EmployeeNum%201')",
		"type": "ZHRF_ACTUAL_PAID_SRV.Subordinate"
	}
}, {
	"Key": "Key 2",
	"PlanVersion": "PlanVersion 2",
	"ObjectType": "ObjectType 2",
	"EmployeeNum": "EmployeeNum 2",
	"StartDate": "/Date(1204319887000)/",
	"Enddate": "/Date(965161087000)/",
	"PlanningStatus": "PlanningStatus 2",
	"HistoricalRecordFlag": "HistoricalRecordFlag 2",
	"Abbreviation": "Abbreviation 2",
	"ObjectName": "EmployeeName 2",
	"ExtendedObjectID": "ExtendedObjectID 2",
	"UserID": "UserID 2",
	"Selection": "Selection 2",
	"__metadata": {
		"uri": "Subordinates('EmployeeNum%202')",
		"type": "ZHRF_ACTUAL_PAID_SRV.Subordinate"
	}
}, {
	"Key": "Key 3",
	"PlanVersion": "PlanVersion 3",
	"ObjectType": "ObjectType 3",
	"EmployeeNum": "EmployeeNum 3",
	"StartDate": "/Date(1380658687000)/",
	"Enddate": "/Date(1360444687000)/",
	"PlanningStatus": "PlanningStatus 3",
	"HistoricalRecordFlag": "HistoricalRecordFlag 3",
	"Abbreviation": "Abbreviation 3",
	"ObjectName": "EmployeeName 3",
	"ExtendedObjectID": "ExtendedObjectID 3",
	"UserID": "UserID 3",
	"Selection": "Selection 3",
	"__metadata": {
		"uri": "Subordinates('EmployeeNum%203')",
		"type": "ZHRF_ACTUAL_PAID_SRV.Subordinate"
	}
}, {
	"Key": "Key 4",
	"PlanVersion": "PlanVersion 4",
	"ObjectType": "ObjectType 4",
	"EmployeeNum": "EmployeeNum 4",
	"StartDate": "/Date(1323983887000)/",
	"Enddate": "/Date(1362172687000)/",
	"PlanningStatus": "PlanningStatus 4",
	"HistoricalRecordFlag": "HistoricalRecordFlag 4",
	"Abbreviation": "Abbreviation 4",
	"ObjectName": "EmployeeName 4",
	"ExtendedObjectID": "ExtendedObjectID 4",
	"UserID": "UserID 4",
	"Selection": "Selection 4",
	"__metadata": {
		"uri": "Subordinates('EmployeeNum%204')",
		"type": "ZHRF_ACTUAL_PAID_SRV.Subordinate"
	}
}, {
	"Key": "Key 5",
	"PlanVersion": "PlanVersion 5",
	"ObjectType": "ObjectType 5",
	"EmployeeNum": "EmployeeNum 5",
	"StartDate": "/Date(1301861887000)/",
	"Enddate": "/Date(1521058687000)/",
	"PlanningStatus": "PlanningStatus 5",
	"HistoricalRecordFlag": "HistoricalRecordFlag 5",
	"Abbreviation": "Abbreviation 5",
	"ObjectName": "EmployeeName 5",
	"ExtendedObjectID": "ExtendedObjectID 5",
	"UserID": "UserID 5",
	"Selection": "Selection 5",
	"__metadata": {
		"uri": "Subordinates('EmployeeNum%205')",
		"type": "ZHRF_ACTUAL_PAID_SRV.Subordinate"
	}
}, {
	"Key": "Key 6",
	"PlanVersion": "PlanVersion 6",
	"ObjectType": "ObjectType 6",
	"EmployeeNum": "EmployeeNum 6",
	"StartDate": "/Date(1566505087000)/",
	"Enddate": "/Date(1384809487000)/",
	"PlanningStatus": "PlanningStatus 6",
	"HistoricalRecordFlag": "HistoricalRecordFlag 6",
	"Abbreviation": "Abbreviation 6",
	"ObjectName": "EmployeeName 6",
	"ExtendedObjectID": "ExtendedObjectID 6",
	"UserID": "UserID 6",
	"Selection": "Selection 6",
	"__metadata": {
		"uri": "Subordinates('EmployeeNum%206')",
		"type": "ZHRF_ACTUAL_PAID_SRV.Subordinate"
	}
}, {
	"Key": "Key 7",
	"PlanVersion": "PlanVersion 7",
	"ObjectType": "ObjectType 7",
	"EmployeeNum": "EmployeeNum 7",
	"StartDate": "/Date(1347913087000)/",
	"Enddate": "/Date(1100467087000)/",
	"PlanningStatus": "PlanningStatus 7",
	"HistoricalRecordFlag": "HistoricalRecordFlag 7",
	"Abbreviation": "Abbreviation 7",
	"ObjectName": "EmployeeName 7",
	"ExtendedObjectID": "ExtendedObjectID 7",
	"UserID": "UserID 7",
	"Selection": "Selection 7",
	"__metadata": {
		"uri": "Subordinates('EmployeeNum%207')",
		"type": "ZHRF_ACTUAL_PAID_SRV.Subordinate"
	}
}, {
	"Key": "Key 8",
	"PlanVersion": "PlanVersion 8",
	"ObjectType": "ObjectType 8",
	"EmployeeNum": "EmployeeNum 8",
	"StartDate": "/Date(971468287000)/",
	"Enddate": "/Date(1368130687000)/",
	"PlanningStatus": "PlanningStatus 8",
	"HistoricalRecordFlag": "HistoricalRecordFlag 8",
	"Abbreviation": "Abbreviation 8",
	"ObjectName": "EmployeeName 8",
	"ExtendedObjectID": "ExtendedObjectID 8",
	"UserID": "UserID 8",
	"Selection": "Selection 8",
	"__metadata": {
		"uri": "Subordinates('EmployeeNum%208')",
		"type": "ZHRF_ACTUAL_PAID_SRV.Subordinate"
	}
}, {
	"Key": "Key 9",
	"PlanVersion": "PlanVersion 9",
	"ObjectType": "ObjectType 9",
	"EmployeeNum": "EmployeeNum 9",
	"StartDate": "/Date(1081109887000)/",
	"Enddate": "/Date(1332447487000)/",
	"PlanningStatus": "PlanningStatus 9",
	"HistoricalRecordFlag": "HistoricalRecordFlag 9",
	"Abbreviation": "Abbreviation 9",
	"ObjectName": "EmployeeName 9",
	"ExtendedObjectID": "ExtendedObjectID 9",
	"UserID": "UserID 9",
	"Selection": "Selection 9",
	"__metadata": {
		"uri": "Subordinates('EmployeeNum%209')",
		"type": "ZHRF_ACTUAL_PAID_SRV.Subordinate"
	}
}, {
	"Key": "Key 10",
	"PlanVersion": "PlanVersion 10",
	"ObjectType": "ObjectType 10",
	"EmployeeNum": "EmployeeNum 10",
	"StartDate": "/Date(1515791887000)/",
	"Enddate": "/Date(1504297087000)/",
	"PlanningStatus": "PlanningStatus 10",
	"HistoricalRecordFlag": "HistoricalRecordFlag 10",
	"Abbreviation": "Abbreviation 10",
	"ObjectName": "EmployeeName 10",
	"ExtendedObjectID": "ExtendedObjectID 10",
	"UserID": "UserID 10",
	"Selection": "Selection 10",
	"__metadata": {
		"uri": "Subordinates('EmployeeNum%2010')",
		"type": "ZHRF_ACTUAL_PAID_SRV.Subordinate"
	}
}]