[{
	    "SubGroupExclusion": "ActualPaid",
	    "WSRuleDescription": "0800 8a430p30U MTWThF",
	    "ActualEvaluatedHours": "0.00",
	    "ActualEvaluatedMinutes": "",
	    "AbsenceDetailType": "ABS",
	    "Clockin1": "",
	    "Clockin2": "",
	    "Clockin3": "",
	    "Clockin4": "",
	    "Clockout1": "",
	    "Clockout2": "",
	    "Clockout3": "",
	    "Clockout4": "",
	    "ExceptionCodes": "",
	    "StartDate": "/Date(1572739200000)/",
	    "EmployeeName": "Dave Cramer",
	    "Selection": "MSS_TMV_EE_DIR",
	    "EmployeeNum": "000057628431",
	    "PlannedWorkingHours": "8.00",
	    "PunchDate": "/Date(1572825600000)/",
	    "EndDate": "/Date(1572753600000)/"
	  },
	  {
	    "SubGroupExclusion": "ActualPaid",
	    "WSRuleDescription": "0800 8a430p30U MTWThF",
	    "ActualEvaluatedHours": "0.00",
	    "ActualEvaluatedMinutes": "",
	    "AbsenceDetailType": "ABS",
	    "Clockin1": "",
	    "Clockin2": "",
	    "Clockin3": "",
	    "Clockin4": "",
	    "Clockout1": "",
	    "Clockout2": "",
	    "Clockout3": "",
	    "Clockout4": "",
	    "ExceptionCodes": "",
	    "StartDate": "/Date(1572652800000)/",
	    "EmployeeName": "Dave Cramer",
	    "Selection": "MSS_TMV_EE_DIR",
	    "EmployeeNum": "000057628431",
	    "PlannedWorkingHours": "8.00",
	    "PunchDate": "/Date(1572912000000)/",
	    "EndDate": "/Date(1572843600000)/"
	  }]