<edmx:Edmx xmlns:edmx="http://schemas.microsoft.com/ado/2007/06/edmx" xmlns:m="http://schemas.microsoft.com/ado/2007/08/dataservices/metadata" xmlns:sap="http://www.sap.com/Protocols/SAPData" Version="1.0">
<edmx:DataServices m:DataServiceVersion="2.0">
<Schema xmlns="http://schemas.microsoft.com/ado/2008/09/edm" Namespace="ZHRF_ACTUAL_PAID_SRV" xml:lang="en" sap:schema-version="1">
<EntityType Name="ActualVsPaid" sap:content-version="1">
<Key>
<PropertyRef Name="EmployeeNum"/>
<PropertyRef Name="PunchDate"/>
</Key>
<Property Name="SubGroupExclusion" Type="Edm.String" Nullable="false" MaxLength="30" sap:unicode="false" sap:label="For ActualPaid pass BN, CT" sap:creatable="false" sap:updatable="false" sap:sortable="false" sap:filterable="false"/>
<Property Name="WSRuleDescription" Type="Edm.String" Nullable="false" MaxLength="25" sap:unicode="false" sap:label="Work Schedule Rule" sap:creatable="false" sap:updatable="false" sap:sortable="false" sap:filterable="false"/>
<Property Name="ActualEvaluatedHours" Type="Edm.Decimal" Nullable="false" Precision="7" Scale="2" sap:unicode="false" sap:label="Actual Eval Hour" sap:creatable="false" sap:updatable="false" sap:sortable="false" sap:filterable="false"/>
<Property Name="ActualEvaluatedMinutes" Type="Edm.String" Nullable="false" MaxLength="10" sap:unicode="false" sap:label="Actual Eval Minutes" sap:creatable="false" sap:updatable="false" sap:sortable="false" sap:filterable="false"/>
<Property Name="AbsenceDetailType" Type="Edm.String" Nullable="false" MaxLength="4" sap:unicode="false" sap:label="Att./abs. type" sap:creatable="false" sap:updatable="false" sap:sortable="false" sap:filterable="false"/>
<Property Name="Clockin1" Type="Edm.String" Nullable="false" MaxLength="5" sap:unicode="false" sap:label="Clock In" sap:creatable="false" sap:updatable="false" sap:sortable="false" sap:filterable="false"/>
<Property Name="Clockin2" Type="Edm.String" Nullable="false" MaxLength="5" sap:unicode="false" sap:label="Clock In" sap:creatable="false" sap:updatable="false" sap:sortable="false" sap:filterable="false"/>
<Property Name="Clockin3" Type="Edm.String" Nullable="false" MaxLength="5" sap:unicode="false" sap:label="Clock In" sap:creatable="false" sap:updatable="false" sap:sortable="false" sap:filterable="false"/>
<Property Name="Clockin4" Type="Edm.String" Nullable="false" MaxLength="5" sap:unicode="false" sap:label="Clock In" sap:creatable="false" sap:updatable="false" sap:sortable="false" sap:filterable="false"/>
<Property Name="Clockout1" Type="Edm.String" Nullable="false" MaxLength="5" sap:unicode="false" sap:label="Clock Out" sap:creatable="false" sap:updatable="false" sap:sortable="false" sap:filterable="false"/>
<Property Name="Clockout2" Type="Edm.String" Nullable="false" MaxLength="5" sap:unicode="false" sap:label="Clock Out" sap:creatable="false" sap:updatable="false" sap:sortable="false" sap:filterable="false"/>
<Property Name="Clockout3" Type="Edm.String" Nullable="false" MaxLength="5" sap:unicode="false" sap:label="Clock Out" sap:creatable="false" sap:updatable="false" sap:sortable="false" sap:filterable="false"/>
<Property Name="Clockout4" Type="Edm.String" Nullable="false" MaxLength="5" sap:unicode="false" sap:label="Clock Out" sap:creatable="false" sap:updatable="false" sap:sortable="false" sap:filterable="false"/>
<Property Name="ExceptionCodes" Type="Edm.String" Nullable="false" MaxLength="20" sap:unicode="false" sap:label="Excep Codes" sap:creatable="false" sap:updatable="false" sap:sortable="false" sap:filterable="false"/>
<Property Name="StartDate" Type="Edm.DateTime" Precision="7" sap:unicode="false" sap:label="From Date" sap:creatable="false" sap:updatable="false" sap:sortable="false" sap:filterable="false"/>
<Property Name="EmployeeName" Type="Edm.String" Nullable="false" MaxLength="80" sap:unicode="false" sap:label="Full Name" sap:creatable="false" sap:updatable="false" sap:sortable="false" sap:filterable="false"/>
<Property Name="Selection" Type="Edm.String" Nullable="false" MaxLength="15" sap:unicode="false" sap:label="Object select." sap:creatable="false" sap:updatable="false" sap:sortable="false" sap:filterable="false"/>
<Property Name="EmployeeNum" Type="Edm.String" Nullable="false" MaxLength="8" sap:unicode="false" sap:label="Personnel no." sap:creatable="false" sap:updatable="false" sap:sortable="false" sap:filterable="false"/>
<Property Name="PlannedWorkingHours" Type="Edm.Decimal" Nullable="false" Precision="5" Scale="2" sap:unicode="false" sap:label="Planned wk.hrs" sap:creatable="false" sap:updatable="false" sap:sortable="false" sap:filterable="false"/>
<Property Name="PunchDate" Type="Edm.DateTime" Nullable="false" Precision="7" sap:unicode="false" sap:label="Punch Date" sap:creatable="false" sap:updatable="false" sap:sortable="false" sap:filterable="false"/>
<Property Name="EndDate" Type="Edm.DateTime" Precision="7" sap:unicode="false" sap:label="To date" sap:creatable="false" sap:updatable="false" sap:sortable="false" sap:filterable="false"/>
</EntityType>
<EntityContainer Name="ZHRF_ACTUAL_PAID_SRV_Entities" m:IsDefaultEntityContainer="true" sap:supported-formats="atom json xlsx">
<EntitySet Name="ActualVsPaid" EntityType="ZHRF_ACTUAL_PAID_SRV.ActualVsPaid" sap:creatable="false" sap:updatable="false" sap:deletable="false" sap:pageable="false" sap:content-version="1"/>
</EntityContainer>
<atom:link xmlns:atom="http://www.w3.org/2005/Atom" rel="self" href="http://dz2ci00v.dartcontainer.com/sap/opu/odata/sap/ZHRF_ACTUAL_PAID_SRV/$metadata"/>
<atom:link xmlns:atom="http://www.w3.org/2005/Atom" rel="latest-version" href="http://dz2ci00v.dartcontainer.com/sap/opu/odata/sap/ZHRF_ACTUAL_PAID_SRV/$metadata"/>
</Schema>
</edmx:DataServices>
</edmx:Edmx>