{
  "run": [
    {
      "filePath": "/webapp/Component.js",
      "previewMode": 1,
      "dataMode": 1,
      "workspace": "withWorkspace",
      "ui5ActiveVersion": "",
      "isDefaultVersion": 0,
      "urlParameters": [
        {
          "paramName": "",
          "paramValue": ""
        }
      ],
      "hashParameter": "",
      "backendSystem": [
        {
          "source": "DZ1",
          "destinations": "DZ1"
        }
      ],
      "appsVersion": [
        {
          "libraryName": "darthcmcore",
          "versions": [
            {
              "version": "Workspace",
              "details": "Version from Workspace"
            }
          ],
          "detailVersion": "Version from Workspace"
        }
      ],
      "ui5VerSource": null,
      "_metadata": {
        "id": 514252,
        "runnerId": "fiorirunner",
        "displayName": "Run Component.js",
        "lastRunTimeStamp": 1528896209770
      }
    }
  ]
}