{
  "routes": [{
    "path": "/webapp/resources/dart/hcm/core",
    "target": {
      "type": "destination",
      "name": "DZ1",
      "entryPath": "/sap/bc/ui5_ui5/sap/ZDARTHCMCORE"
    },
    "description": "Dart HCM Core Components"
  }, {
    "path": "/resources/dart/hcm/core",
    "target": {
      "type": "destination",
      "name": "DZ1",
      "entryPath": "/sap/bc/ui5_ui5/sap/ZDARTHCMCORE"
    },
    "description": "Dart HCM Core Components"
  }, {
    "path": "/webapp/resources",
    "target": {
      "type": "service",
      "name": "sapui5",
      "entryPath": "/resources"
    },
    "description": "SAPUI5 Resources"
  }, {
    "path": "/webapp/test-resources",
    "target": {
      "type": "service",
      "name": "sapui5",
      "entryPath": "/test-resources"
    },
    "description": "SAPUI5 Test Resources"
  }, {
    "path": "/resources",
    "target": {
      "type": "service",
      "name": "sapui5",
      "entryPath": "/resources"
    },
    "description": "SAPUI5 Resources"
  }, {
    "path": "/test-resources",
    "target": {
      "type": "service",
      "name": "sapui5",
      "entryPath": "/test-resources"
    },
    "description": "SAPUI5 Test Resources"
  }, {
    "path": "/sap/opu/odata",
    "target": {
      "type": "destination",
      "name": "DZ1",
      "entryPath": "/sap/opu/odata"
    },
    "description": "DZ1"
  }, {
    "path": "/sap/bc/ui5_ui5/sap/zdarthcmcore",
    "target": {
      "type": "application",
      "name": "darthcmcore"
    },
    "description": "Custom control library"
  }]
}