<edmx:Edmx xmlns:edmx="http://schemas.microsoft.com/ado/2007/06/edmx" xmlns:m="http://schemas.microsoft.com/ado/2007/08/dataservices/metadata" xmlns:sap="http://www.sap.com/Protocols/SAPData" Version="1.0">
<edmx:DataServices m:DataServiceVersion="2.0">
<Schema xmlns="http://schemas.microsoft.com/ado/2008/09/edm" Namespace="ZHRF_HCMFAB_TIME_PAYROLL_CHECK_SRV" xml:lang="en" sap:schema-version="1">
<EntityType Name="Employee" sap:content-version="1">
<Key>
<PropertyRef Name="Pernr"/>
<PropertyRef Name="ClockDate"/>
</Key>
<Property Name="Pernr" Type="Edm.String" Nullable="false" MaxLength="8" sap:unicode="false" sap:label="Personnel No." sap:creatable="false" sap:updatable="false" sap:sortable="false" sap:filterable="false"/>
<Property Name="ClockDate" Type="Edm.DateTime" Nullable="false" Precision="7" sap:unicode="false" sap:label="Clockin/out Date" sap:creatable="false" sap:updatable="false" sap:sortable="false" sap:filterable="false"/>
<Property Name="PayrollCheck" Type="Edm.String" Nullable="false" MaxLength="1" sap:unicode="false" sap:label="Boolean Variable (X=True, -=False, Space=Unknown)" sap:creatable="false" sap:updatable="false" sap:sortable="false" sap:filterable="false"/>
</EntityType>
<EntityContainer Name="ZHRF_HCMFAB_TIME_PAYROLL_CHECK_SRV_Entities" m:IsDefaultEntityContainer="true" sap:supported-formats="atom json xlsx">
<EntitySet Name="EmployeeSet" EntityType="ZHRF_HCMFAB_TIME_PAYROLL_CHECK_SRV.Employee" sap:creatable="false" sap:updatable="false" sap:deletable="false" sap:pageable="false" sap:addressable="false" sap:content-version="1"/>
</EntityContainer>
<atom:link xmlns:atom="http://www.w3.org/2005/Atom" rel="self" href="http://dz2ci00v.dartcontainer.com/sap/opu/odata/sap/ZHRF_HCMFAB_TIME_PAYROLL_CHECK_SRV/$metadata"/>
<atom:link xmlns:atom="http://www.w3.org/2005/Atom" rel="latest-version" href="http://dz2ci00v.dartcontainer.com/sap/opu/odata/sap/ZHRF_HCMFAB_TIME_PAYROLL_CHECK_SRV/$metadata"/>
</Schema>
</edmx:DataServices>
</edmx:Edmx>